"LOCATION","INDICATOR","SUBJECT","MEASURE","FREQUENCY","TIME","Value","Flag Codes"
"GBR","GFCFASSET","DWELLING","PC_GFCF","A","1980",16.4505817019517,"E"
"GBR","GFCFASSET","DWELLING","PC_GFCF","A","1981",15.3867600768388,"E"
"GBR","GFCFASSET","DWELLING","PC_GFCF","A","1982",15.3914653062532,"E"
"GBR","GFCFASSET","DWELLING","PC_GFCF","A","1983",16.585556661268,"E"
"GBR","GFCFASSET","DWELLING","PC_GFCF","A","1984",16.648976769677,"E"
"GBR","GFCFASSET","DWELLING","PC_GFCF","A","1985",15.5053827332239,"E"
"GBR","GFCFASSET","DWELLING","PC_GFCF","A","1986",16.8084082745921,"E"
"GBR","GFCFASSET","DWELLING","PC_GFCF","A","1987",17.0356970222905,"E"
"GBR","GFCFASSET","DWELLING","PC_GFCF","A","1988",17.8138382825644,"E"
"GBR","GFCFASSET","DWELLING","PC_GFCF","A","1989",16.5973317725573,"E"
"GBR","GFCFASSET","DWELLING","PC_GFCF","A","1990",14.368531889805,"E"
"GBR","GFCFASSET","DWELLING","PC_GFCF","A","1991",13.4751167012738,"E"
"GBR","GFCFASSET","DWELLING","PC_GFCF","A","1992",14.1978399680634,"E"
"GBR","GFCFASSET","DWELLING","PC_GFCF","A","1993",15.0082405035629,"E"
"GBR","GFCFASSET","DWELLING","PC_GFCF","A","1994",14.9371461598637,"E"
"GBR","GFCFASSET","DWELLING","PC_GFCF","A","1995",14.5684391796692,
"GBR","GFCFASSET","DWELLING","PC_GFCF","A","1996",13.7677934623304,
"GBR","GFCFASSET","DWELLING","PC_GFCF","A","1997",16.160178325893,
"GBR","GFCFASSET","DWELLING","PC_GFCF","A","1998",15.8983488161164,
"GBR","GFCFASSET","DWELLING","PC_GFCF","A","1999",16.0349522762832,
"GBR","GFCFASSET","DWELLING","PC_GFCF","A","2000",16.6533905228758,
"GBR","GFCFASSET","DWELLING","PC_GFCF","A","2001",17.0452886604684,
"GBR","GFCFASSET","DWELLING","PC_GFCF","A","2002",18.7181123979477,
"GBR","GFCFASSET","DWELLING","PC_GFCF","A","2003",21.2694128743661,
"GBR","GFCFASSET","DWELLING","PC_GFCF","A","2004",22.6542896772137,
"GBR","GFCFASSET","DWELLING","PC_GFCF","A","2005",22.7692165728523,
"GBR","GFCFASSET","DWELLING","PC_GFCF","A","2006",22.0597758894754,
"GBR","GFCFASSET","DWELLING","PC_GFCF","A","2007",21.2987550060944,
"GBR","GFCFASSET","DWELLING","PC_GFCF","A","2008",20.9714336343298,
"GBR","GFCFASSET","DWELLING","PC_GFCF","A","2009",19.6587502687753,
"GBR","GFCFASSET","DWELLING","PC_GFCF","A","2010",19.8565744198562,
"GBR","GFCFASSET","DWELLING","PC_GFCF","A","2011",20.1781449434243,
"GBR","GFCFASSET","DWELLING","PC_GFCF","A","2012",19.2220408040984,
"GBR","GFCFASSET","DWELLING","PC_GFCF","A","2013",20.0439221483474,
"GBR","GFCFASSET","DWELLING","PC_GFCF","A","2014",20.815576277118,
"GBR","GFCFASSET","DWELLING","PC_GFCF","A","2015",21.27056775777,
"GBR","GFCFASSET","DWELLING","PC_GFCF","A","2016",22.4995625177256,
"GRC","GFCFASSET","DWELLING","PC_GFCF","A","1970",50.7106661424219,"E"
"GRC","GFCFASSET","DWELLING","PC_GFCF","A","1971",49.3434074749912,"E"
"GRC","GFCFASSET","DWELLING","PC_GFCF","A","1972",59.016097735348,"E"
"GRC","GFCFASSET","DWELLING","PC_GFCF","A","1973",59.9620288908539,"E"
"GRC","GFCFASSET","DWELLING","PC_GFCF","A","1974",42.7296022435514,"E"
"GRC","GFCFASSET","DWELLING","PC_GFCF","A","1975",56.5725781395816,"E"
"GRC","GFCFASSET","DWELLING","PC_GFCF","A","1976",57.3481254210211,"E"
"GRC","GFCFASSET","DWELLING","PC_GFCF","A","1977",66.4946762009528,"E"
"GRC","GFCFASSET","DWELLING","PC_GFCF","A","1978",76.259907130337,"E"
"GRC","GFCFASSET","DWELLING","PC_GFCF","A","1979",76.5116843057695,"E"
"GRC","GFCFASSET","DWELLING","PC_GFCF","A","1980",67.9891158545209,"E"
"GRC","GFCFASSET","DWELLING","PC_GFCF","A","1981",60.1389450601376,"E"
"GRC","GFCFASSET","DWELLING","PC_GFCF","A","1982",58.4257264796946,"E"
"GRC","GFCFASSET","DWELLING","PC_GFCF","A","1983",64.0225406606695,"E"
"GRC","GFCFASSET","DWELLING","PC_GFCF","A","1984",46.8816338960432,"E"
"GRC","GFCFASSET","DWELLING","PC_GFCF","A","1985",51.1951944480631,"E"
"GRC","GFCFASSET","DWELLING","PC_GFCF","A","1986",62.8495443913025,"E"
"GRC","GFCFASSET","DWELLING","PC_GFCF","A","1987",63.8084044390708,"E"
"GRC","GFCFASSET","DWELLING","PC_GFCF","A","1988",59.6971666476493,"E"
"GRC","GFCFASSET","DWELLING","PC_GFCF","A","1989",55.1764661754527,"E"
"GRC","GFCFASSET","DWELLING","PC_GFCF","A","1990",56.6351961011888,"E"
"GRC","GFCFASSET","DWELLING","PC_GFCF","A","1991",55.3436018136384,"E"
"GRC","GFCFASSET","DWELLING","PC_GFCF","A","1992",47.3486240149909,"E"
"GRC","GFCFASSET","DWELLING","PC_GFCF","A","1993",45.0761399084603,"E"
"GRC","GFCFASSET","DWELLING","PC_GFCF","A","1994",42.0153321299778,"E"
"GRC","GFCFASSET","DWELLING","PC_GFCF","A","1995",41.6329577097793,
"GRC","GFCFASSET","DWELLING","PC_GFCF","A","1996",40.1725665195688,
"GRC","GFCFASSET","DWELLING","PC_GFCF","A","1997",36.1076831509975,
"GRC","GFCFASSET","DWELLING","PC_GFCF","A","1998",37.0804612094372,
"GRC","GFCFASSET","DWELLING","PC_GFCF","A","1999",36.2039234424996,
"GRC","GFCFASSET","DWELLING","PC_GFCF","A","2000",36.3794177467301,
"GRC","GFCFASSET","DWELLING","PC_GFCF","A","2001",31.9976033863562,
"GRC","GFCFASSET","DWELLING","PC_GFCF","A","2002",34.2530515351255,
"GRC","GFCFASSET","DWELLING","PC_GFCF","A","2003",35.5434399032104,
"GRC","GFCFASSET","DWELLING","PC_GFCF","A","2004",40.9081087327434,
"GRC","GFCFASSET","DWELLING","PC_GFCF","A","2005",42.1972057653355,
"GRC","GFCFASSET","DWELLING","PC_GFCF","A","2006",42.3772712466194,
"GRC","GFCFASSET","DWELLING","PC_GFCF","A","2007",41.6378282151534,
"GRC","GFCFASSET","DWELLING","PC_GFCF","A","2008",34.064285315469,
"GRC","GFCFASSET","DWELLING","PC_GFCF","A","2009",31.4623759784587,
"GRC","GFCFASSET","DWELLING","PC_GFCF","A","2010",28.2265778259043,
"GRC","GFCFASSET","DWELLING","PC_GFCF","A","2011",30.2671512837511,"E"
"GRC","GFCFASSET","DWELLING","PC_GFCF","A","2012",24.4522679687345,"E"
"GRC","GFCFASSET","DWELLING","PC_GFCF","A","2013",18.3029053617595,"E"
"GRC","GFCFASSET","DWELLING","PC_GFCF","A","2014",8.79823351745988,"E"
"GRC","GFCFASSET","DWELLING","PC_GFCF","A","2015",6.39299447479649,"E"
"GRC","GFCFASSET","DWELLING","PC_GFCF","A","2016",5.29541027877048,"E"
"NZL","GFCFASSET","DWELLING","PC_GFCF","A","1971",19.3916349809886,
"NZL","GFCFASSET","DWELLING","PC_GFCF","A","1972",21.1812627291242,
"NZL","GFCFASSET","DWELLING","PC_GFCF","A","1973",24.5522062035824,
"NZL","GFCFASSET","DWELLING","PC_GFCF","A","1974",24.271499644634,
"NZL","GFCFASSET","DWELLING","PC_GFCF","A","1975",22.3611514975284,
"NZL","GFCFASSET","DWELLING","PC_GFCF","A","1976",22.7575192973117,
"NZL","GFCFASSET","DWELLING","PC_GFCF","A","1977",17.7102436468431,
"NZL","GFCFASSET","DWELLING","PC_GFCF","A","1978",17.1414891070146,
"NZL","GFCFASSET","DWELLING","PC_GFCF","A","1979",16.516041572526,
"NZL","GFCFASSET","DWELLING","PC_GFCF","A","1980",16.8838635492526,
"NZL","GFCFASSET","DWELLING","PC_GFCF","A","1981",16.2870945479641,
"NZL","GFCFASSET","DWELLING","PC_GFCF","A","1982",15.3332552418883,
"NZL","GFCFASSET","DWELLING","PC_GFCF","A","1983",15.8836454954484,
"NZL","GFCFASSET","DWELLING","PC_GFCF","A","1984",16.1067731977483,
"NZL","GFCFASSET","DWELLING","PC_GFCF","A","1985",15.5956350409215,
"NZL","GFCFASSET","DWELLING","PC_GFCF","A","1986",17.3530043686887,
"NZL","GFCFASSET","DWELLING","PC_GFCF","A","1987",18.1416803953871,
"NZL","GFCFASSET","DWELLING","PC_GFCF","A","1988",18.8648866228364,
"NZL","GFCFASSET","DWELLING","PC_GFCF","A","1989",20.9841170974774,
"NZL","GFCFASSET","DWELLING","PC_GFCF","A","1990",21.9659423052484,
"NZL","GFCFASSET","DWELLING","PC_GFCF","A","1991",22.3017292784735,
"NZL","GFCFASSET","DWELLING","PC_GFCF","A","1992",22.5175025003572,
"NZL","GFCFASSET","DWELLING","PC_GFCF","A","1993",23.5062655124402,
"NZL","GFCFASSET","DWELLING","PC_GFCF","A","1994",24.9572383766133,
"NZL","GFCFASSET","DWELLING","PC_GFCF","A","1995",24.0952689866086,
"NZL","GFCFASSET","DWELLING","PC_GFCF","A","1996",25.2268602540835,
"NZL","GFCFASSET","DWELLING","PC_GFCF","A","1997",25.6331840110269,
"NZL","GFCFASSET","DWELLING","PC_GFCF","A","1998",23.6772607230671,
"NZL","GFCFASSET","DWELLING","PC_GFCF","A","1999",25.1201098146877,
"NZL","GFCFASSET","DWELLING","PC_GFCF","A","2000",22.1715291951815,
"NZL","GFCFASSET","DWELLING","PC_GFCF","A","2001",20.8670812843506,
"NZL","GFCFASSET","DWELLING","PC_GFCF","A","2002",25.1222390827854,
"NZL","GFCFASSET","DWELLING","PC_GFCF","A","2003",27.4526140387419,
"NZL","GFCFASSET","DWELLING","PC_GFCF","A","2004",27.6401912852983,
"NZL","GFCFASSET","DWELLING","PC_GFCF","A","2005",26.1111111111111,
"NZL","GFCFASSET","DWELLING","PC_GFCF","A","2006",26.8404162209472,
"NZL","GFCFASSET","DWELLING","PC_GFCF","A","2007",26.5485337933197,
"NZL","GFCFASSET","DWELLING","PC_GFCF","A","2008",22.2783572359844,
"NZL","GFCFASSET","DWELLING","PC_GFCF","A","2009",22.4146322719471,
"NZL","GFCFASSET","DWELLING","PC_GFCF","A","2010",22.3969793958792,
"NZL","GFCFASSET","DWELLING","PC_GFCF","A","2011",22.0739025657988,
"NZL","GFCFASSET","DWELLING","PC_GFCF","A","2012",25.3086419753086,
"NZL","GFCFASSET","DWELLING","PC_GFCF","A","2013",27.6005266889497,
"NZL","GFCFASSET","DWELLING","PC_GFCF","A","2014",28.6355824139269,
"NZL","GFCFASSET","DWELLING","PC_GFCF","A","2015",30.198045311668,
"NZL","GFCFASSET","DWELLING","PC_GFCF","A","2016",33.0446325945832,
"SVK","GFCFASSET","DWELLING","PC_GFCF","A","1995",4.33034100923998,
"SVK","GFCFASSET","DWELLING","PC_GFCF","A","1996",4.2184919628579,
"SVK","GFCFASSET","DWELLING","PC_GFCF","A","1997",4.95717414783384,
"SVK","GFCFASSET","DWELLING","PC_GFCF","A","1998",7.93140945887808,
"SVK","GFCFASSET","DWELLING","PC_GFCF","A","1999",12.3307036815579,
"SVK","GFCFASSET","DWELLING","PC_GFCF","A","2000",16.124912609082,
"SVK","GFCFASSET","DWELLING","PC_GFCF","A","2001",11.775308698523,
"SVK","GFCFASSET","DWELLING","PC_GFCF","A","2002",12.0056406039557,
"SVK","GFCFASSET","DWELLING","PC_GFCF","A","2003",12.7060561849907,
"SVK","GFCFASSET","DWELLING","PC_GFCF","A","2004",11.6416909823538,
"SVK","GFCFASSET","DWELLING","PC_GFCF","A","2005",11.0141224143749,
"SVK","GFCFASSET","DWELLING","PC_GFCF","A","2006",8.94519798419506,
"SVK","GFCFASSET","DWELLING","PC_GFCF","A","2007",9.4715577356979,
"SVK","GFCFASSET","DWELLING","PC_GFCF","A","2008",9.83022912995536,
"SVK","GFCFASSET","DWELLING","PC_GFCF","A","2009",13.8680164341672,
"SVK","GFCFASSET","DWELLING","PC_GFCF","A","2010",11.6231997862359,
"SVK","GFCFASSET","DWELLING","PC_GFCF","A","2011",9.93311055735773,
"SVK","GFCFASSET","DWELLING","PC_GFCF","A","2012",10.9462267253066,
"SVK","GFCFASSET","DWELLING","PC_GFCF","A","2013",13.030132006682,
"SVK","GFCFASSET","DWELLING","PC_GFCF","A","2014",10.984402168069,
"SVK","GFCFASSET","DWELLING","PC_GFCF","A","2015",9.35318325437851,
"SVK","GFCFASSET","DWELLING","PC_GFCF","A","2016",12.9586865415837,
"JPN","GFCFASSET","DWELLING","PC_GFCF","A","1980",20.114293272007,"E"
"JPN","GFCFASSET","DWELLING","PC_GFCF","A","1981",18.7889315085295,"E"
"JPN","GFCFASSET","DWELLING","PC_GFCF","A","1982",18.6506117020207,"E"
"JPN","GFCFASSET","DWELLING","PC_GFCF","A","1983",17.7586209298886,"E"
"JPN","GFCFASSET","DWELLING","PC_GFCF","A","1984",16.7484201362718,"E"
"JPN","GFCFASSET","DWELLING","PC_GFCF","A","1985",16.3111175759027,"E"
"JPN","GFCFASSET","DWELLING","PC_GFCF","A","1986",16.4734963025678,"E"
"JPN","GFCFASSET","DWELLING","PC_GFCF","A","1987",18.2716828310934,"E"
"JPN","GFCFASSET","DWELLING","PC_GFCF","A","1988",18.4066928903399,"E"
"JPN","GFCFASSET","DWELLING","PC_GFCF","A","1989",17.5394442085439,"E"
"JPN","GFCFASSET","DWELLING","PC_GFCF","A","1990",17.2167362364972,"E"
"JPN","GFCFASSET","DWELLING","PC_GFCF","A","1991",16.033932468119,"E"
"JPN","GFCFASSET","DWELLING","PC_GFCF","A","1992",15.7296177449887,"E"
"JPN","GFCFASSET","DWELLING","PC_GFCF","A","1993",17.148554404024,"E"
"JPN","GFCFASSET","DWELLING","PC_GFCF","A","1994",18.9595810001513,
"JPN","GFCFASSET","DWELLING","PC_GFCF","A","1995",17.6512427313343,
"JPN","GFCFASSET","DWELLING","PC_GFCF","A","1996",18.5829020860026,
"JPN","GFCFASSET","DWELLING","PC_GFCF","A","1997",17.1278863764116,
"JPN","GFCFASSET","DWELLING","PC_GFCF","A","1998",15.356160536609,
"JPN","GFCFASSET","DWELLING","PC_GFCF","A","1999",15.5857589424927,
"JPN","GFCFASSET","DWELLING","PC_GFCF","A","2000",15.5161081884562,
"JPN","GFCFASSET","DWELLING","PC_GFCF","A","2001",15.2270227559368,
"JPN","GFCFASSET","DWELLING","PC_GFCF","A","2002",15.6330283185265,
"JPN","GFCFASSET","DWELLING","PC_GFCF","A","2003",15.6996963272972,
"JPN","GFCFASSET","DWELLING","PC_GFCF","A","2004",16.0860508547622,
"JPN","GFCFASSET","DWELLING","PC_GFCF","A","2005",15.547014234329,
"JPN","GFCFASSET","DWELLING","PC_GFCF","A","2006",15.6810681229373,
"JPN","GFCFASSET","DWELLING","PC_GFCF","A","2007",14.6886570860849,
"JPN","GFCFASSET","DWELLING","PC_GFCF","A","2008",14.4281645260204,
"JPN","GFCFASSET","DWELLING","PC_GFCF","A","2009",13.5452420127701,
"JPN","GFCFASSET","DWELLING","PC_GFCF","A","2010",13.2478043853263,
"JPN","GFCFASSET","DWELLING","PC_GFCF","A","2011",13.7499477412612,
"JPN","GFCFASSET","DWELLING","PC_GFCF","A","2012",13.5260715698635,
"JPN","GFCFASSET","DWELLING","PC_GFCF","A","2013",14.230351460835,
"JPN","GFCFASSET","DWELLING","PC_GFCF","A","2014",13.5678196089513,
"JPN","GFCFASSET","DWELLING","PC_GFCF","A","2015",13.2375813865177,
"JPN","GFCFASSET","DWELLING","PC_GFCF","A","2016",14.0493017755456,
"LUX","GFCFASSET","DWELLING","PC_GFCF","A","1995",17.6347923861161,
"LUX","GFCFASSET","DWELLING","PC_GFCF","A","1996",17.0853662177358,
"LUX","GFCFASSET","DWELLING","PC_GFCF","A","1997",16.2333713164781,
"LUX","GFCFASSET","DWELLING","PC_GFCF","A","1998",15.7960098930584,
"LUX","GFCFASSET","DWELLING","PC_GFCF","A","1999",13.5339364053359,
"LUX","GFCFASSET","DWELLING","PC_GFCF","A","2000",14.2262451816235,
"LUX","GFCFASSET","DWELLING","PC_GFCF","A","2001",12.0930205276299,
"LUX","GFCFASSET","DWELLING","PC_GFCF","A","2002",12.2701053117044,
"LUX","GFCFASSET","DWELLING","PC_GFCF","A","2003",13.6930116874788,
"LUX","GFCFASSET","DWELLING","PC_GFCF","A","2004",14.4444688823219,
"LUX","GFCFASSET","DWELLING","PC_GFCF","A","2005",14.4546045135156,
"LUX","GFCFASSET","DWELLING","PC_GFCF","A","2006",17.6909380025878,
"LUX","GFCFASSET","DWELLING","PC_GFCF","A","2007",21.6855944431787,
"LUX","GFCFASSET","DWELLING","PC_GFCF","A","2008",21.5647217411638,
"LUX","GFCFASSET","DWELLING","PC_GFCF","A","2009",19.2347003247278,
"LUX","GFCFASSET","DWELLING","PC_GFCF","A","2010",16.486820839349,
"LUX","GFCFASSET","DWELLING","PC_GFCF","A","2011",15.7032142942562,
"LUX","GFCFASSET","DWELLING","PC_GFCF","A","2012",15.7195368833189,
"LUX","GFCFASSET","DWELLING","PC_GFCF","A","2013",18.3711159979549,
"LUX","GFCFASSET","DWELLING","PC_GFCF","A","2014",18.8239481519477,
"LUX","GFCFASSET","DWELLING","PC_GFCF","A","2015",16.9683321773671,
"LUX","GFCFASSET","DWELLING","PC_GFCF","A","2016",17.5689894325572,
"CZE","GFCFASSET","DWELLING","PC_GFCF","A","1993",12.1965195632387,"E"
"CZE","GFCFASSET","DWELLING","PC_GFCF","A","1994",9.14007823368759,"E"
"CZE","GFCFASSET","DWELLING","PC_GFCF","A","1995",7.13764071516413,
"CZE","GFCFASSET","DWELLING","PC_GFCF","A","1996",8.27497737659296,
"CZE","GFCFASSET","DWELLING","PC_GFCF","A","1997",9.36200609165609,
"CZE","GFCFASSET","DWELLING","PC_GFCF","A","1998",10.8349609748999,
"CZE","GFCFASSET","DWELLING","PC_GFCF","A","1999",11.3263590963428,
"CZE","GFCFASSET","DWELLING","PC_GFCF","A","2000",11.4385212965443,
"CZE","GFCFASSET","DWELLING","PC_GFCF","A","2001",10.4492398196862,
"CZE","GFCFASSET","DWELLING","PC_GFCF","A","2002",10.7033299928856,
"CZE","GFCFASSET","DWELLING","PC_GFCF","A","2003",10.9966563133286,
"CZE","GFCFASSET","DWELLING","PC_GFCF","A","2004",11.5467169664054,
"CZE","GFCFASSET","DWELLING","PC_GFCF","A","2005",11.9388785652995,
"CZE","GFCFASSET","DWELLING","PC_GFCF","A","2006",12.3951599367272,
"CZE","GFCFASSET","DWELLING","PC_GFCF","A","2007",13.8800671200212,
"CZE","GFCFASSET","DWELLING","PC_GFCF","A","2008",13.7269996567113,
"CZE","GFCFASSET","DWELLING","PC_GFCF","A","2009",13.9330232278185,
"CZE","GFCFASSET","DWELLING","PC_GFCF","A","2010",15.0498271875894,
"CZE","GFCFASSET","DWELLING","PC_GFCF","A","2011",13.8740994754535,
"CZE","GFCFASSET","DWELLING","PC_GFCF","A","2012",14.2012447442495,
"CZE","GFCFASSET","DWELLING","PC_GFCF","A","2013",12.950873780169,
"CZE","GFCFASSET","DWELLING","PC_GFCF","A","2014",13.3698314231026,
"CZE","GFCFASSET","DWELLING","PC_GFCF","A","2015",13.5106626128622,
"CZE","GFCFASSET","DWELLING","PC_GFCF","A","2016",14.7729146406711,
"BEL","GFCFASSET","DWELLING","PC_GFCF","A","1995",27.8033630831733,
"BEL","GFCFASSET","DWELLING","PC_GFCF","A","1996",25.5410605961777,
"BEL","GFCFASSET","DWELLING","PC_GFCF","A","1997",25.8228011426982,
"BEL","GFCFASSET","DWELLING","PC_GFCF","A","1998",24.0350556590238,
"BEL","GFCFASSET","DWELLING","PC_GFCF","A","1999",23.7664664270658,
"BEL","GFCFASSET","DWELLING","PC_GFCF","A","2000",22.9230880494264,
"BEL","GFCFASSET","DWELLING","PC_GFCF","A","2001",22.4736979918492,
"BEL","GFCFASSET","DWELLING","PC_GFCF","A","2002",22.8821686030451,
"BEL","GFCFASSET","DWELLING","PC_GFCF","A","2003",23.8456278832256,
"BEL","GFCFASSET","DWELLING","PC_GFCF","A","2004",24.4096549885937,
"BEL","GFCFASSET","DWELLING","PC_GFCF","A","2005",26.0095078988587,
"BEL","GFCFASSET","DWELLING","PC_GFCF","A","2006",27.7827021532231,
"BEL","GFCFASSET","DWELLING","PC_GFCF","A","2007",27.2308107203768,
"BEL","GFCFASSET","DWELLING","PC_GFCF","A","2008",27.2939643615304,
"BEL","GFCFASSET","DWELLING","PC_GFCF","A","2009",27.2018512242274,
"BEL","GFCFASSET","DWELLING","PC_GFCF","A","2010",28.0417369123372,
"BEL","GFCFASSET","DWELLING","PC_GFCF","A","2011",25.8595434613489,
"BEL","GFCFASSET","DWELLING","PC_GFCF","A","2012",26.0672188776779,
"BEL","GFCFASSET","DWELLING","PC_GFCF","A","2013",25.823147623117,
"BEL","GFCFASSET","DWELLING","PC_GFCF","A","2014",25.8135184578359,
"BEL","GFCFASSET","DWELLING","PC_GFCF","A","2015",25.2570413381621,
"BEL","GFCFASSET","DWELLING","PC_GFCF","A","2016",25.2325373829749,
"ITA","GFCFASSET","DWELLING","PC_GFCF","A","1970",31.5560823277943,"E"
"ITA","GFCFASSET","DWELLING","PC_GFCF","A","1971",30.3283780076206,"E"
"ITA","GFCFASSET","DWELLING","PC_GFCF","A","1972",28.8198233388605,"E"
"ITA","GFCFASSET","DWELLING","PC_GFCF","A","1973",27.5270131047486,"E"
"ITA","GFCFASSET","DWELLING","PC_GFCF","A","1974",26.8958674420772,"E"
"ITA","GFCFASSET","DWELLING","PC_GFCF","A","1975",27.7484958301441,"E"
"ITA","GFCFASSET","DWELLING","PC_GFCF","A","1976",25.6653387863314,"E"
"ITA","GFCFASSET","DWELLING","PC_GFCF","A","1977",25.1679803173492,"E"
"ITA","GFCFASSET","DWELLING","PC_GFCF","A","1978",25.3512389758127,"E"
"ITA","GFCFASSET","DWELLING","PC_GFCF","A","1979",25.1311366455033,"E"
"ITA","GFCFASSET","DWELLING","PC_GFCF","A","1980",24.7102252577294,"E"
"ITA","GFCFASSET","DWELLING","PC_GFCF","A","1981",25.2520419067563,"E"
"ITA","GFCFASSET","DWELLING","PC_GFCF","A","1982",25.3068737783335,"E"
"ITA","GFCFASSET","DWELLING","PC_GFCF","A","1983",27.5109552935192,"E"
"ITA","GFCFASSET","DWELLING","PC_GFCF","A","1984",26.5990215108592,"E"
"ITA","GFCFASSET","DWELLING","PC_GFCF","A","1985",25.3676452293395,"E"
"ITA","GFCFASSET","DWELLING","PC_GFCF","A","1986",23.9162262748504,"E"
"ITA","GFCFASSET","DWELLING","PC_GFCF","A","1987",22.3041211588672,"E"
"ITA","GFCFASSET","DWELLING","PC_GFCF","A","1988",21.4509034303565,"E"
"ITA","GFCFASSET","DWELLING","PC_GFCF","A","1989",21.1773712854199,"E"
"ITA","GFCFASSET","DWELLING","PC_GFCF","A","1990",25.0133710393957,"E"
"ITA","GFCFASSET","DWELLING","PC_GFCF","A","1991",26.0061752537464,"E"
"ITA","GFCFASSET","DWELLING","PC_GFCF","A","1992",26.7810784742236,"E"
"ITA","GFCFASSET","DWELLING","PC_GFCF","A","1993",29.4037316115507,"E"
"ITA","GFCFASSET","DWELLING","PC_GFCF","A","1994",28.9877900160499,"E"
"ITA","GFCFASSET","DWELLING","PC_GFCF","A","1995",26.9293085285634,
"ITA","GFCFASSET","DWELLING","PC_GFCF","A","1996",26.0862345573074,
"ITA","GFCFASSET","DWELLING","PC_GFCF","A","1997",25.3335911909865,
"ITA","GFCFASSET","DWELLING","PC_GFCF","A","1998",24.2990722765949,
"ITA","GFCFASSET","DWELLING","PC_GFCF","A","1999",23.8891324039522,
"ITA","GFCFASSET","DWELLING","PC_GFCF","A","2000",23.4870275460018,
"ITA","GFCFASSET","DWELLING","PC_GFCF","A","2001",23.1370865096933,
"ITA","GFCFASSET","DWELLING","PC_GFCF","A","2002",22.9813862668524,
"ITA","GFCFASSET","DWELLING","PC_GFCF","A","2003",24.1663916400229,
"ITA","GFCFASSET","DWELLING","PC_GFCF","A","2004",24.7223838538608,
"ITA","GFCFASSET","DWELLING","PC_GFCF","A","2005",26.1521739199406,
"ITA","GFCFASSET","DWELLING","PC_GFCF","A","2006",26.6598165062619,
"ITA","GFCFASSET","DWELLING","PC_GFCF","A","2007",26.926413734582,
"ITA","GFCFASSET","DWELLING","PC_GFCF","A","2008",27.4448976813385,
"ITA","GFCFASSET","DWELLING","PC_GFCF","A","2009",27.9652716520141,
"ITA","GFCFASSET","DWELLING","PC_GFCF","A","2010",27.9838825856238,
"ITA","GFCFASSET","DWELLING","PC_GFCF","A","2011",26.7846373211789,
"ITA","GFCFASSET","DWELLING","PC_GFCF","A","2012",27.4035109399907,
"ITA","GFCFASSET","DWELLING","PC_GFCF","A","2013",28.1182545408281,
"ITA","GFCFASSET","DWELLING","PC_GFCF","A","2014",26.7205247572887,
"ITA","GFCFASSET","DWELLING","PC_GFCF","A","2015",25.7396844284848,
"ITA","GFCFASSET","DWELLING","PC_GFCF","A","2016",25.1328449341075,
"CHE","GFCFASSET","DWELLING","PC_GFCF","A","1995",20.4401945499812,
"CHE","GFCFASSET","DWELLING","PC_GFCF","A","1996",18.4343188056556,
"CHE","GFCFASSET","DWELLING","PC_GFCF","A","1997",16.9567893939297,
"CHE","GFCFASSET","DWELLING","PC_GFCF","A","1998",16.4251752092615,
"CHE","GFCFASSET","DWELLING","PC_GFCF","A","1999",15.6491453260282,
"CHE","GFCFASSET","DWELLING","PC_GFCF","A","2000",15.0044779865976,
"CHE","GFCFASSET","DWELLING","PC_GFCF","A","2001",14.9095835057659,
"CHE","GFCFASSET","DWELLING","PC_GFCF","A","2002",14.5602687714675,
"CHE","GFCFASSET","DWELLING","PC_GFCF","A","2003",16.9921312146534,
"CHE","GFCFASSET","DWELLING","PC_GFCF","A","2004",17.9264150502168,
"CHE","GFCFASSET","DWELLING","PC_GFCF","A","2005",18.579886419689,
"CHE","GFCFASSET","DWELLING","PC_GFCF","A","2006",17.9105388242736,
"CHE","GFCFASSET","DWELLING","PC_GFCF","A","2007",16.8424423095988,
"CHE","GFCFASSET","DWELLING","PC_GFCF","A","2008",16.6710124543606,
"CHE","GFCFASSET","DWELLING","PC_GFCF","A","2009",18.7769447183071,
"CHE","GFCFASSET","DWELLING","PC_GFCF","A","2010",19.2655293921353,
"CHE","GFCFASSET","DWELLING","PC_GFCF","A","2011",19.6554180564608,
"CHE","GFCFASSET","DWELLING","PC_GFCF","A","2012",19.5822488536618,
"CHE","GFCFASSET","DWELLING","PC_GFCF","A","2013",20.1394545889685,
"CHE","GFCFASSET","DWELLING","PC_GFCF","A","2014",19.9005929535251,
"CHE","GFCFASSET","DWELLING","PC_GFCF","A","2015",20.0944151650764,
"CHE","GFCFASSET","DWELLING","PC_GFCF","A","2016",19.7933439859521,"E"
"SVN","GFCFASSET","DWELLING","PC_GFCF","A","1995",14.5347641002717,
"SVN","GFCFASSET","DWELLING","PC_GFCF","A","1996",15.1288323664504,
"SVN","GFCFASSET","DWELLING","PC_GFCF","A","1997",15.9096651621176,
"SVN","GFCFASSET","DWELLING","PC_GFCF","A","1998",15.5044081112327,
"SVN","GFCFASSET","DWELLING","PC_GFCF","A","1999",14.3426800501463,
"SVN","GFCFASSET","DWELLING","PC_GFCF","A","2000",13.1369338347488,
"SVN","GFCFASSET","DWELLING","PC_GFCF","A","2001",12.6283417260839,
"SVN","GFCFASSET","DWELLING","PC_GFCF","A","2002",12.3412346566982,
"SVN","GFCFASSET","DWELLING","PC_GFCF","A","2003",11.2309720495342,
"SVN","GFCFASSET","DWELLING","PC_GFCF","A","2004",11.9815304465252,
"SVN","GFCFASSET","DWELLING","PC_GFCF","A","2005",13.6845277443531,
"SVN","GFCFASSET","DWELLING","PC_GFCF","A","2006",13.9115365688198,
"SVN","GFCFASSET","DWELLING","PC_GFCF","A","2007",14.4947865789476,
"SVN","GFCFASSET","DWELLING","PC_GFCF","A","2008",15.3904062659665,
"SVN","GFCFASSET","DWELLING","PC_GFCF","A","2009",15.7320064397181,
"SVN","GFCFASSET","DWELLING","PC_GFCF","A","2010",14.7130944350363,
"SVN","GFCFASSET","DWELLING","PC_GFCF","A","2011",13.7998505192715,
"SVN","GFCFASSET","DWELLING","PC_GFCF","A","2012",13.2375065209376,
"SVN","GFCFASSET","DWELLING","PC_GFCF","A","2013",11.986247172025,
"SVN","GFCFASSET","DWELLING","PC_GFCF","A","2014",11.1525296437834,
"SVN","GFCFASSET","DWELLING","PC_GFCF","A","2015",11.3487488519635,
"SVN","GFCFASSET","DWELLING","PC_GFCF","A","2016",11.840237102506,
"NOR","GFCFASSET","DWELLING","PC_GFCF","A","1970",20.8541536539663,
"NOR","GFCFASSET","DWELLING","PC_GFCF","A","1971",19.7075186774758,
"NOR","GFCFASSET","DWELLING","PC_GFCF","A","1972",21.4162348877375,
"NOR","GFCFASSET","DWELLING","PC_GFCF","A","1973",19.7665190343309,
"NOR","GFCFASSET","DWELLING","PC_GFCF","A","1974",18.955492345018,
"NOR","GFCFASSET","DWELLING","PC_GFCF","A","1975",18.2732873501641,
"NOR","GFCFASSET","DWELLING","PC_GFCF","A","1976",17.2021280983214,
"NOR","GFCFASSET","DWELLING","PC_GFCF","A","1977",17.2170614269734,
"NOR","GFCFASSET","DWELLING","PC_GFCF","A","1978",20.823441370768,
"NOR","GFCFASSET","DWELLING","PC_GFCF","A","1979",20.4620260880166,
"NOR","GFCFASSET","DWELLING","PC_GFCF","A","1980",21.3553633373879,
"NOR","GFCFASSET","DWELLING","PC_GFCF","A","1981",19.6423188011164,
"NOR","GFCFASSET","DWELLING","PC_GFCF","A","1982",20.0719286300389,
"NOR","GFCFASSET","DWELLING","PC_GFCF","A","1983",18.6573596638397,
"NOR","GFCFASSET","DWELLING","PC_GFCF","A","1984",18.2242789496341,
"NOR","GFCFASSET","DWELLING","PC_GFCF","A","1985",18.1999849439848,
"NOR","GFCFASSET","DWELLING","PC_GFCF","A","1986",18.4174893375884,
"NOR","GFCFASSET","DWELLING","PC_GFCF","A","1987",18.9830215111342,
"NOR","GFCFASSET","DWELLING","PC_GFCF","A","1988",18.14057806284,
"NOR","GFCFASSET","DWELLING","PC_GFCF","A","1989",16.3960100484554,
"NOR","GFCFASSET","DWELLING","PC_GFCF","A","1990",14.7928821299881,
"NOR","GFCFASSET","DWELLING","PC_GFCF","A","1991",12.5701948871935,
"NOR","GFCFASSET","DWELLING","PC_GFCF","A","1992",11.5397076929421,
"NOR","GFCFASSET","DWELLING","PC_GFCF","A","1993",10.8013325357145,
"NOR","GFCFASSET","DWELLING","PC_GFCF","A","1994",13.1064233328351,
"NOR","GFCFASSET","DWELLING","PC_GFCF","A","1995",14.4943047537871,
"NOR","GFCFASSET","DWELLING","PC_GFCF","A","1996",13.8528383046208,
"NOR","GFCFASSET","DWELLING","PC_GFCF","A","1997",13.768010803692,
"NOR","GFCFASSET","DWELLING","PC_GFCF","A","1998",13.196615005512,
"NOR","GFCFASSET","DWELLING","PC_GFCF","A","1999",14.513652738965,
"NOR","GFCFASSET","DWELLING","PC_GFCF","A","2000",15.9732262382865,
"NOR","GFCFASSET","DWELLING","PC_GFCF","A","2001",17.7486881859813,
"NOR","GFCFASSET","DWELLING","PC_GFCF","A","2002",18.2451882652035,
"NOR","GFCFASSET","DWELLING","PC_GFCF","A","2003",18.8568418021414,
"NOR","GFCFASSET","DWELLING","PC_GFCF","A","2004",20.791574558741,
"NOR","GFCFASSET","DWELLING","PC_GFCF","A","2005",21.397206082334,
"NOR","GFCFASSET","DWELLING","PC_GFCF","A","2006",20.6703235784528,
"NOR","GFCFASSET","DWELLING","PC_GFCF","A","2007",19.4147460858095,
"NOR","GFCFASSET","DWELLING","PC_GFCF","A","2008",17.2200153995992,
"NOR","GFCFASSET","DWELLING","PC_GFCF","A","2009",16.8739521387435,
"NOR","GFCFASSET","DWELLING","PC_GFCF","A","2010",18.2243816418741,
"NOR","GFCFASSET","DWELLING","PC_GFCF","A","2011",20.2217039474889,
"NOR","GFCFASSET","DWELLING","PC_GFCF","A","2012",21.0861572962102,
"NOR","GFCFASSET","DWELLING","PC_GFCF","A","2013",21.0353233659059,
"NOR","GFCFASSET","DWELLING","PC_GFCF","A","2014",20.7501804601367,
"NOR","GFCFASSET","DWELLING","PC_GFCF","A","2015",22.3502959888753,
"NOR","GFCFASSET","DWELLING","PC_GFCF","A","2016",22.9523754090188,
"ISL","GFCFASSET","DWELLING","PC_GFCF","A","1995",24.286683797219,
"ISL","GFCFASSET","DWELLING","PC_GFCF","A","1996",21.5246311461499,
"ISL","GFCFASSET","DWELLING","PC_GFCF","A","1997",17.7296881237842,
"ISL","GFCFASSET","DWELLING","PC_GFCF","A","1998",13.9201955865768,
"ISL","GFCFASSET","DWELLING","PC_GFCF","A","1999",14.5419962938361,
"ISL","GFCFASSET","DWELLING","PC_GFCF","A","2000",14.8797986457609,
"ISL","GFCFASSET","DWELLING","PC_GFCF","A","2001",17.1268625008884,
"ISL","GFCFASSET","DWELLING","PC_GFCF","A","2002",23.3212885582636,
"ISL","GFCFASSET","DWELLING","PC_GFCF","A","2003",22.6630065942398,
"ISL","GFCFASSET","DWELLING","PC_GFCF","A","2004",20.9876596831599,
"ISL","GFCFASSET","DWELLING","PC_GFCF","A","2005",18.6510683316194,
"ISL","GFCFASSET","DWELLING","PC_GFCF","A","2006",17.2489815695573,
"ISL","GFCFASSET","DWELLING","PC_GFCF","A","2007",22.2482442882108,
"ISL","GFCFASSET","DWELLING","PC_GFCF","A","2008",20.0799414732269,
"ISL","GFCFASSET","DWELLING","PC_GFCF","A","2009",16.281600194954,
"ISL","GFCFASSET","DWELLING","PC_GFCF","A","2010",15.1175328271004,
"ISL","GFCFASSET","DWELLING","PC_GFCF","A","2011",14.766846554388,
"ISL","GFCFASSET","DWELLING","PC_GFCF","A","2012",15.2512289501116,
"ISL","GFCFASSET","DWELLING","PC_GFCF","A","2013",16.5755753013474,
"ISL","GFCFASSET","DWELLING","PC_GFCF","A","2014",16.581923579091,
"ISL","GFCFASSET","DWELLING","PC_GFCF","A","2015",13.1786168883194,
"ISL","GFCFASSET","DWELLING","PC_GFCF","A","2016",15.0861267061578,
"USA","GFCFASSET","DWELLING","PC_GFCF","A","1972",25.9784644864223,
"USA","GFCFASSET","DWELLING","PC_GFCF","A","1973",24.7710680543627,
"USA","GFCFASSET","DWELLING","PC_GFCF","A","1974",20.651198983077,
"USA","GFCFASSET","DWELLING","PC_GFCF","A","1975",19.2749890776978,
"USA","GFCFASSET","DWELLING","PC_GFCF","A","1976",21.916392506456,
"USA","GFCFASSET","DWELLING","PC_GFCF","A","1977",24.6038095890059,
"USA","GFCFASSET","DWELLING","PC_GFCF","A","1978",24.6350015139218,
"USA","GFCFASSET","DWELLING","PC_GFCF","A","1979",22.9370692570068,
"USA","GFCFASSET","DWELLING","PC_GFCF","A","1980",19.207350627177,
"USA","GFCFASSET","DWELLING","PC_GFCF","A","1981",17.137934718735,
"USA","GFCFASSET","DWELLING","PC_GFCF","A","1982",14.7188636867754,
"USA","GFCFASSET","DWELLING","PC_GFCF","A","1983",19.771055445936,
"USA","GFCFASSET","DWELLING","PC_GFCF","A","1984",20.031101442609,
"USA","GFCFASSET","DWELLING","PC_GFCF","A","1985",19.4615754372376,
"USA","GFCFASSET","DWELLING","PC_GFCF","A","1986",21.7024379500713,
"USA","GFCFASSET","DWELLING","PC_GFCF","A","1987",22.2975821317824,
"USA","GFCFASSET","DWELLING","PC_GFCF","A","1988",21.7366736852123,
"USA","GFCFASSET","DWELLING","PC_GFCF","A","1989",20.5928490769381,
"USA","GFCFASSET","DWELLING","PC_GFCF","A","1990",18.9310880567759,
"USA","GFCFASSET","DWELLING","PC_GFCF","A","1991",17.8997636483397,
"USA","GFCFASSET","DWELLING","PC_GFCF","A","1992",19.7564039492696,
"USA","GFCFASSET","DWELLING","PC_GFCF","A","1993",20.8346789849735,
"USA","GFCFASSET","DWELLING","PC_GFCF","A","1994",21.7780536737166,
"USA","GFCFASSET","DWELLING","PC_GFCF","A","1995",20.3721072043152,
"USA","GFCFASSET","DWELLING","PC_GFCF","A","1996",20.8422078835055,
"USA","GFCFASSET","DWELLING","PC_GFCF","A","1997",20.347554312451,
"USA","GFCFASSET","DWELLING","PC_GFCF","A","1998",20.8113426539934,
"USA","GFCFASSET","DWELLING","PC_GFCF","A","1999",21.0649554089107,
"USA","GFCFASSET","DWELLING","PC_GFCF","A","2000",20.4570378056521,
"USA","GFCFASSET","DWELLING","PC_GFCF","A","2001",21.5434826451389,
"USA","GFCFASSET","DWELLING","PC_GFCF","A","2002",23.7427249854404,
"USA","GFCFASSET","DWELLING","PC_GFCF","A","2003",25.7840861979111,
"USA","GFCFASSET","DWELLING","PC_GFCF","A","2004",27.7970354987758,
"USA","GFCFASSET","DWELLING","PC_GFCF","A","2005",28.6624312446142,
"USA","GFCFASSET","DWELLING","PC_GFCF","A","2006",26.339597933681,
"USA","GFCFASSET","DWELLING","PC_GFCF","A","2007",21.4096569448519,
"USA","GFCFASSET","DWELLING","PC_GFCF","A","2008",16.5178784932009,
"USA","GFCFASSET","DWELLING","PC_GFCF","A","2009",14.401853015998,
"USA","GFCFASSET","DWELLING","PC_GFCF","A","2010",13.7321080571933,
"USA","GFCFASSET","DWELLING","PC_GFCF","A","2011",12.9554051959702,
"USA","GFCFASSET","DWELLING","PC_GFCF","A","2012",13.5279560016433,
"USA","GFCFASSET","DWELLING","PC_GFCF","A","2013",15.2093419220286,
"USA","GFCFASSET","DWELLING","PC_GFCF","A","2014",15.6075036772945,
"USA","GFCFASSET","DWELLING","PC_GFCF","A","2015",16.9784959906887,
"USA","GFCFASSET","DWELLING","PC_GFCF","A","2016",18.4259091865791,
"DNK","GFCFASSET","DWELLING","PC_GFCF","A","1970",34.1307173361391,
"DNK","GFCFASSET","DWELLING","PC_GFCF","A","1971",32.8769863953355,
"DNK","GFCFASSET","DWELLING","PC_GFCF","A","1972",38.0889549947222,
"DNK","GFCFASSET","DWELLING","PC_GFCF","A","1973",39.5023230505211,
"DNK","GFCFASSET","DWELLING","PC_GFCF","A","1974",33.5931455980195,
"DNK","GFCFASSET","DWELLING","PC_GFCF","A","1975",32.267133971384,
"DNK","GFCFASSET","DWELLING","PC_GFCF","A","1976",32.8271440185296,
"DNK","GFCFASSET","DWELLING","PC_GFCF","A","1977",30.1985922933055,
"DNK","GFCFASSET","DWELLING","PC_GFCF","A","1978",29.8042135235035,
"DNK","GFCFASSET","DWELLING","PC_GFCF","A","1979",29.4411455246895,
"DNK","GFCFASSET","DWELLING","PC_GFCF","A","1980",27.2698443674684,
"DNK","GFCFASSET","DWELLING","PC_GFCF","A","1981",24.2790709928994,
"DNK","GFCFASSET","DWELLING","PC_GFCF","A","1982",21.3077965649788,
"DNK","GFCFASSET","DWELLING","PC_GFCF","A","1983",22.9388185444165,
"DNK","GFCFASSET","DWELLING","PC_GFCF","A","1984",25.3291282826894,
"DNK","GFCFASSET","DWELLING","PC_GFCF","A","1985",22.1614964766922,
"DNK","GFCFASSET","DWELLING","PC_GFCF","A","1986",23.6054328781082,
"DNK","GFCFASSET","DWELLING","PC_GFCF","A","1987",23.549606242798,
"DNK","GFCFASSET","DWELLING","PC_GFCF","A","1988",22.8016183345463,
"DNK","GFCFASSET","DWELLING","PC_GFCF","A","1989",20.8866804563486,
"DNK","GFCFASSET","DWELLING","PC_GFCF","A","1990",19.0124516960069,
"DNK","GFCFASSET","DWELLING","PC_GFCF","A","1991",17.4220305051884,
"DNK","GFCFASSET","DWELLING","PC_GFCF","A","1992",17.9550514890064,
"DNK","GFCFASSET","DWELLING","PC_GFCF","A","1993",18.2085475386762,
"DNK","GFCFASSET","DWELLING","PC_GFCF","A","1994",19.2054218789539,
"DNK","GFCFASSET","DWELLING","PC_GFCF","A","1995",19.7084016586328,
"DNK","GFCFASSET","DWELLING","PC_GFCF","A","1996",20.0960123015761,
"DNK","GFCFASSET","DWELLING","PC_GFCF","A","1997",20.0940612320177,
"DNK","GFCFASSET","DWELLING","PC_GFCF","A","1998",19.429022723363,
"DNK","GFCFASSET","DWELLING","PC_GFCF","A","1999",20.7834410109115,
"DNK","GFCFASSET","DWELLING","PC_GFCF","A","2000",21.6828376905746,
"DNK","GFCFASSET","DWELLING","PC_GFCF","A","2001",19.9030737796092,
"DNK","GFCFASSET","DWELLING","PC_GFCF","A","2002",20.9166337416041,
"DNK","GFCFASSET","DWELLING","PC_GFCF","A","2003",23.7489029889139,
"DNK","GFCFASSET","DWELLING","PC_GFCF","A","2004",25.701523234141,
"DNK","GFCFASSET","DWELLING","PC_GFCF","A","2005",28.5087222979935,
"DNK","GFCFASSET","DWELLING","PC_GFCF","A","2006",29.0121785506299,
"DNK","GFCFASSET","DWELLING","PC_GFCF","A","2007",27.6587210354594,
"DNK","GFCFASSET","DWELLING","PC_GFCF","A","2008",23.6105465876979,
"DNK","GFCFASSET","DWELLING","PC_GFCF","A","2009",20.7210864376672,
"DNK","GFCFASSET","DWELLING","PC_GFCF","A","2010",20.3859461931255,
"DNK","GFCFASSET","DWELLING","PC_GFCF","A","2011",23.7642982382901,
"DNK","GFCFASSET","DWELLING","PC_GFCF","A","2012",21.6913314485805,
"DNK","GFCFASSET","DWELLING","PC_GFCF","A","2013",19.4007887936896,
"DNK","GFCFASSET","DWELLING","PC_GFCF","A","2014",20.1422837034852,
"DNK","GFCFASSET","DWELLING","PC_GFCF","A","2015",20.2342725675977,
"DNK","GFCFASSET","DWELLING","PC_GFCF","A","2016",20.4491176256107,
"AUT","GFCFASSET","DWELLING","PC_GFCF","A","1976",21.9487135953945,"E"
"AUT","GFCFASSET","DWELLING","PC_GFCF","A","1977",20.533379548034,"E"
"AUT","GFCFASSET","DWELLING","PC_GFCF","A","1978",21.0138346869009,"E"
"AUT","GFCFASSET","DWELLING","PC_GFCF","A","1979",20.5853923995782,"E"
"AUT","GFCFASSET","DWELLING","PC_GFCF","A","1980",20.810745481557,"E"
"AUT","GFCFASSET","DWELLING","PC_GFCF","A","1981",21.8057593685597,"E"
"AUT","GFCFASSET","DWELLING","PC_GFCF","A","1982",23.5084605173903,"E"
"AUT","GFCFASSET","DWELLING","PC_GFCF","A","1983",23.2038373995931,"E"
"AUT","GFCFASSET","DWELLING","PC_GFCF","A","1984",23.0260199675785,"E"
"AUT","GFCFASSET","DWELLING","PC_GFCF","A","1985",21.3689831414475,"E"
"AUT","GFCFASSET","DWELLING","PC_GFCF","A","1986",21.2362019164732,"E"
"AUT","GFCFASSET","DWELLING","PC_GFCF","A","1987",21.2188508584254,"E"
"AUT","GFCFASSET","DWELLING","PC_GFCF","A","1988",21.9218578643077,"E"
"AUT","GFCFASSET","DWELLING","PC_GFCF","A","1989",20.8541070909661,"E"
"AUT","GFCFASSET","DWELLING","PC_GFCF","A","1990",18.4250394839243,"E"
"AUT","GFCFASSET","DWELLING","PC_GFCF","A","1991",19.1420420079227,"E"
"AUT","GFCFASSET","DWELLING","PC_GFCF","A","1992",21.221589599694,"E"
"AUT","GFCFASSET","DWELLING","PC_GFCF","A","1993",22.5285443232014,"E"
"AUT","GFCFASSET","DWELLING","PC_GFCF","A","1994",23.1492665527672,"E"
"AUT","GFCFASSET","DWELLING","PC_GFCF","A","1995",25.5116399043427,
"AUT","GFCFASSET","DWELLING","PC_GFCF","A","1996",25.204022203597,
"AUT","GFCFASSET","DWELLING","PC_GFCF","A","1997",24.6419456825967,
"AUT","GFCFASSET","DWELLING","PC_GFCF","A","1998",23.436914803486,
"AUT","GFCFASSET","DWELLING","PC_GFCF","A","1999",22.8889951092344,
"AUT","GFCFASSET","DWELLING","PC_GFCF","A","2000",20.5611735423257,
"AUT","GFCFASSET","DWELLING","PC_GFCF","A","2001",19.5644624440203,
"AUT","GFCFASSET","DWELLING","PC_GFCF","A","2002",19.5553351330754,
"AUT","GFCFASSET","DWELLING","PC_GFCF","A","2003",18.3170425529365,
"AUT","GFCFASSET","DWELLING","PC_GFCF","A","2004",18.629818897215,
"AUT","GFCFASSET","DWELLING","PC_GFCF","A","2005",18.974035537506,
"AUT","GFCFASSET","DWELLING","PC_GFCF","A","2006",19.0454210160688,
"AUT","GFCFASSET","DWELLING","PC_GFCF","A","2007",18.884235250804,
"AUT","GFCFASSET","DWELLING","PC_GFCF","A","2008",18.9532095331512,
"AUT","GFCFASSET","DWELLING","PC_GFCF","A","2009",19.3761304524071,
"AUT","GFCFASSET","DWELLING","PC_GFCF","A","2010",20.0562625363866,
"AUT","GFCFASSET","DWELLING","PC_GFCF","A","2011",19.4587468179282,
"AUT","GFCFASSET","DWELLING","PC_GFCF","A","2012",19.0232700305074,
"AUT","GFCFASSET","DWELLING","PC_GFCF","A","2013",18.8103907902433,
"AUT","GFCFASSET","DWELLING","PC_GFCF","A","2014",18.9003207460744,
"AUT","GFCFASSET","DWELLING","PC_GFCF","A","2015",18.7612500076792,
"AUT","GFCFASSET","DWELLING","PC_GFCF","A","2016",18.426076523936,
"DEU","GFCFASSET","DWELLING","PC_GFCF","A","1980",26.020941910146,"E"
"DEU","GFCFASSET","DWELLING","PC_GFCF","A","1981",26.1195650637505,"E"
"DEU","GFCFASSET","DWELLING","PC_GFCF","A","1982",26.1669831046815,"E"
"DEU","GFCFASSET","DWELLING","PC_GFCF","A","1983",26.8102138280256,"E"
"DEU","GFCFASSET","DWELLING","PC_GFCF","A","1984",27.3278497318451,"E"
"DEU","GFCFASSET","DWELLING","PC_GFCF","A","1985",24.66885191221,"E"
"DEU","GFCFASSET","DWELLING","PC_GFCF","A","1986",23.8046766520616,"E"
"DEU","GFCFASSET","DWELLING","PC_GFCF","A","1987",23.367782898027,"E"
"DEU","GFCFASSET","DWELLING","PC_GFCF","A","1988",23.3982184742034,"E"
"DEU","GFCFASSET","DWELLING","PC_GFCF","A","1989",23.4795061858753,"E"
"DEU","GFCFASSET","DWELLING","PC_GFCF","A","1990",23.9307384372793,"E"
"DEU","GFCFASSET","DWELLING","PC_GFCF","A","1991",24.3788025028714,
"DEU","GFCFASSET","DWELLING","PC_GFCF","A","1992",26.3568390903336,
"DEU","GFCFASSET","DWELLING","PC_GFCF","A","1993",29.2818629851623,
"DEU","GFCFASSET","DWELLING","PC_GFCF","A","1994",31.8330691301337,
"DEU","GFCFASSET","DWELLING","PC_GFCF","A","1995",32.3290864170814,
"DEU","GFCFASSET","DWELLING","PC_GFCF","A","1996",32.515356956855,
"DEU","GFCFASSET","DWELLING","PC_GFCF","A","1997",32.3936753353903,
"DEU","GFCFASSET","DWELLING","PC_GFCF","A","1998",31.4923384994238,
"DEU","GFCFASSET","DWELLING","PC_GFCF","A","1999",30.6707217772551,
"DEU","GFCFASSET","DWELLING","PC_GFCF","A","2000",28.8700116743674,
"DEU","GFCFASSET","DWELLING","PC_GFCF","A","2001",27.9271614422949,
"DEU","GFCFASSET","DWELLING","PC_GFCF","A","2002",27.9873418293361,
"DEU","GFCFASSET","DWELLING","PC_GFCF","A","2003",28.0445990907475,
"DEU","GFCFASSET","DWELLING","PC_GFCF","A","2004",27.3049759524751,
"DEU","GFCFASSET","DWELLING","PC_GFCF","A","2005",26.1388318469508,
"DEU","GFCFASSET","DWELLING","PC_GFCF","A","2006",26.1866766728995,
"DEU","GFCFASSET","DWELLING","PC_GFCF","A","2007",25.5540764798614,
"DEU","GFCFASSET","DWELLING","PC_GFCF","A","2008",24.7605168113454,
"DEU","GFCFASSET","DWELLING","PC_GFCF","A","2009",26.7417022152174,
"DEU","GFCFASSET","DWELLING","PC_GFCF","A","2010",26.5761822239151,
"DEU","GFCFASSET","DWELLING","PC_GFCF","A","2011",27.509715764821,
"DEU","GFCFASSET","DWELLING","PC_GFCF","A","2012",28.8858324350243,
"DEU","GFCFASSET","DWELLING","PC_GFCF","A","2013",29.3886685633819,
"DEU","GFCFASSET","DWELLING","PC_GFCF","A","2014",29.3393402082209,
"DEU","GFCFASSET","DWELLING","PC_GFCF","A","2015",28.7764033624548,
"DEU","GFCFASSET","DWELLING","PC_GFCF","A","2016",29.4838248723639,
"EST","GFCFASSET","DWELLING","PC_GFCF","A","1995",10.9877154069271,
"EST","GFCFASSET","DWELLING","PC_GFCF","A","1996",11.2551966805513,
"EST","GFCFASSET","DWELLING","PC_GFCF","A","1997",10.8944478627867,
"EST","GFCFASSET","DWELLING","PC_GFCF","A","1998",8.43483472044457,
"EST","GFCFASSET","DWELLING","PC_GFCF","A","1999",9.41682333863168,
"EST","GFCFASSET","DWELLING","PC_GFCF","A","2000",7.55066439134661,
"EST","GFCFASSET","DWELLING","PC_GFCF","A","2001",7.56109714126795,
"EST","GFCFASSET","DWELLING","PC_GFCF","A","2002",8.32966594346637,
"EST","GFCFASSET","DWELLING","PC_GFCF","A","2003",9.64160740967532,
"EST","GFCFASSET","DWELLING","PC_GFCF","A","2004",11.9764509996345,
"EST","GFCFASSET","DWELLING","PC_GFCF","A","2005",14.7710851965146,
"EST","GFCFASSET","DWELLING","PC_GFCF","A","2006",18.2590708577618,
"EST","GFCFASSET","DWELLING","PC_GFCF","A","2007",16.6816542691172,
"EST","GFCFASSET","DWELLING","PC_GFCF","A","2008",13.6716915942562,
"EST","GFCFASSET","DWELLING","PC_GFCF","A","2009",13.6942788486602,
"EST","GFCFASSET","DWELLING","PC_GFCF","A","2010",12.5369902823262,
"EST","GFCFASSET","DWELLING","PC_GFCF","A","2011",10.3649695512536,
"EST","GFCFASSET","DWELLING","PC_GFCF","A","2012",10.0792501117707,
"EST","GFCFASSET","DWELLING","PC_GFCF","A","2013",12.3271144822714,
"EST","GFCFASSET","DWELLING","PC_GFCF","A","2014",15.0907066086348,
"EST","GFCFASSET","DWELLING","PC_GFCF","A","2015",17.2285273712926,
"EST","GFCFASSET","DWELLING","PC_GFCF","A","2016",19.4379583662046,
"SWE","GFCFASSET","DWELLING","PC_GFCF","A","1970",21.5416920435679,"E"
"SWE","GFCFASSET","DWELLING","PC_GFCF","A","1971",21.2272633480966,"E"
"SWE","GFCFASSET","DWELLING","PC_GFCF","A","1972",20.9359607450674,"E"
"SWE","GFCFASSET","DWELLING","PC_GFCF","A","1973",19.6253972254412,"E"
"SWE","GFCFASSET","DWELLING","PC_GFCF","A","1974",17.2760605357902,"E"
"SWE","GFCFASSET","DWELLING","PC_GFCF","A","1975",16.6492734988198,"E"
"SWE","GFCFASSET","DWELLING","PC_GFCF","A","1976",15.7284486465365,"E"
"SWE","GFCFASSET","DWELLING","PC_GFCF","A","1977",16.4059827212113,"E"
"SWE","GFCFASSET","DWELLING","PC_GFCF","A","1978",20.8151912656292,"E"
"SWE","GFCFASSET","DWELLING","PC_GFCF","A","1979",21.2410527644233,"E"
"SWE","GFCFASSET","DWELLING","PC_GFCF","A","1980",20.0379583835845,"E"
"SWE","GFCFASSET","DWELLING","PC_GFCF","A","1981",20.4090875561549,"E"
"SWE","GFCFASSET","DWELLING","PC_GFCF","A","1982",19.5104048449027,"E"
"SWE","GFCFASSET","DWELLING","PC_GFCF","A","1983",18.4932465098244,"E"
"SWE","GFCFASSET","DWELLING","PC_GFCF","A","1984",19.2068955061604,"E"
"SWE","GFCFASSET","DWELLING","PC_GFCF","A","1985",17.3959781349785,"E"
"SWE","GFCFASSET","DWELLING","PC_GFCF","A","1986",17.0982941850862,"E"
"SWE","GFCFASSET","DWELLING","PC_GFCF","A","1987",17.5970502849754,"E"
"SWE","GFCFASSET","DWELLING","PC_GFCF","A","1988",18.8479284529104,"E"
"SWE","GFCFASSET","DWELLING","PC_GFCF","A","1989",18.7211696257764,"E"
"SWE","GFCFASSET","DWELLING","PC_GFCF","A","1990",21.3204021824431,"E"
"SWE","GFCFASSET","DWELLING","PC_GFCF","A","1991",24.3297459229608,"E"
"SWE","GFCFASSET","DWELLING","PC_GFCF","A","1992",24.6829198039185,"E"
"SWE","GFCFASSET","DWELLING","PC_GFCF","A","1993",18.6812318199064,
"SWE","GFCFASSET","DWELLING","PC_GFCF","A","1994",12.4489023243157,
"SWE","GFCFASSET","DWELLING","PC_GFCF","A","1995",9.02962880778483,
"SWE","GFCFASSET","DWELLING","PC_GFCF","A","1996",9.2708154032314,
"SWE","GFCFASSET","DWELLING","PC_GFCF","A","1997",8.75883670687675,
"SWE","GFCFASSET","DWELLING","PC_GFCF","A","1998",9.04654194316133,
"SWE","GFCFASSET","DWELLING","PC_GFCF","A","1999",9.47531653331837,
"SWE","GFCFASSET","DWELLING","PC_GFCF","A","2000",10.5677753613193,
"SWE","GFCFASSET","DWELLING","PC_GFCF","A","2001",11.5620796329136,
"SWE","GFCFASSET","DWELLING","PC_GFCF","A","2002",13.2944068619056,
"SWE","GFCFASSET","DWELLING","PC_GFCF","A","2003",14.0048556822129,
"SWE","GFCFASSET","DWELLING","PC_GFCF","A","2004",15.3196214278909,
"SWE","GFCFASSET","DWELLING","PC_GFCF","A","2005",16.2798498176821,
"SWE","GFCFASSET","DWELLING","PC_GFCF","A","2006",17.645934136174,
"SWE","GFCFASSET","DWELLING","PC_GFCF","A","2007",18.1018146536695,
"SWE","GFCFASSET","DWELLING","PC_GFCF","A","2008",15.9466921755767,
"SWE","GFCFASSET","DWELLING","PC_GFCF","A","2009",14.806150775085,
"SWE","GFCFASSET","DWELLING","PC_GFCF","A","2010",16.2297924778789,
"SWE","GFCFASSET","DWELLING","PC_GFCF","A","2011",16.9709698262169,
"SWE","GFCFASSET","DWELLING","PC_GFCF","A","2012",15.1598984075176,
"SWE","GFCFASSET","DWELLING","PC_GFCF","A","2013",15.5863187178111,
"SWE","GFCFASSET","DWELLING","PC_GFCF","A","2014",17.2346872504191,
"SWE","GFCFASSET","DWELLING","PC_GFCF","A","2015",19.2915565964941,
"SWE","GFCFASSET","DWELLING","PC_GFCF","A","2016",21.4181544883268,
"ISR","GFCFASSET","DWELLING","PC_GFCF","A","1970",31.8305330782217,"E"
"ISR","GFCFASSET","DWELLING","PC_GFCF","A","1971",31.4700798698623,"E"
"ISR","GFCFASSET","DWELLING","PC_GFCF","A","1972",35.9914698073011,"E"
"ISR","GFCFASSET","DWELLING","PC_GFCF","A","1973",34.6816354078983,"E"
"ISR","GFCFASSET","DWELLING","PC_GFCF","A","1974",36.6749873016314,"E"
"ISR","GFCFASSET","DWELLING","PC_GFCF","A","1975",35.3292770961395,"E"
"ISR","GFCFASSET","DWELLING","PC_GFCF","A","1976",34.0090638265724,"E"
"ISR","GFCFASSET","DWELLING","PC_GFCF","A","1977",29.4529030740169,"E"
"ISR","GFCFASSET","DWELLING","PC_GFCF","A","1978",26.7384875725499,"E"
"ISR","GFCFASSET","DWELLING","PC_GFCF","A","1979",30.623407612018,"E"
"ISR","GFCFASSET","DWELLING","PC_GFCF","A","1980",38.6437968098697,"E"
"ISR","GFCFASSET","DWELLING","PC_GFCF","A","1981",38.0429531094902,"E"
"ISR","GFCFASSET","DWELLING","PC_GFCF","A","1982",34.9785418068218,"E"
"ISR","GFCFASSET","DWELLING","PC_GFCF","A","1983",29.4573429549784,"E"
"ISR","GFCFASSET","DWELLING","PC_GFCF","A","1984",29.4382296747515,"E"
"ISR","GFCFASSET","DWELLING","PC_GFCF","A","1985",24.7914716012667,"E"
"ISR","GFCFASSET","DWELLING","PC_GFCF","A","1986",24.222075585254,"E"
"ISR","GFCFASSET","DWELLING","PC_GFCF","A","1987",23.9313396389905,"E"
"ISR","GFCFASSET","DWELLING","PC_GFCF","A","1988",25.8555859613489,"E"
"ISR","GFCFASSET","DWELLING","PC_GFCF","A","1989",28.8187226306692,"E"
"ISR","GFCFASSET","DWELLING","PC_GFCF","A","1990",29.0237932978546,"E"
"ISR","GFCFASSET","DWELLING","PC_GFCF","A","1991",37.4302672346881,"E"
"ISR","GFCFASSET","DWELLING","PC_GFCF","A","1992",35.2136360084034,"E"
"ISR","GFCFASSET","DWELLING","PC_GFCF","A","1993",26.9401817758756,"E"
"ISR","GFCFASSET","DWELLING","PC_GFCF","A","1994",25.8238797816451,"E"
"ISR","GFCFASSET","DWELLING","PC_GFCF","A","1995",30.8784437390119,
"ISR","GFCFASSET","DWELLING","PC_GFCF","A","1996",30.4130146648538,
"ISR","GFCFASSET","DWELLING","PC_GFCF","A","1997",31.5083778137103,
"ISR","GFCFASSET","DWELLING","PC_GFCF","A","1998",30.0729192718104,
"ISR","GFCFASSET","DWELLING","PC_GFCF","A","1999",27.2350307411,
"ISR","GFCFASSET","DWELLING","PC_GFCF","A","2000",25.2545946789075,
"ISR","GFCFASSET","DWELLING","PC_GFCF","A","2001",24.3802735222819,
"ISR","GFCFASSET","DWELLING","PC_GFCF","A","2002",25.9284284476705,
"ISR","GFCFASSET","DWELLING","PC_GFCF","A","2003",27.6029179173174,
"ISR","GFCFASSET","DWELLING","PC_GFCF","A","2004",27.2709095910642,
"ISR","GFCFASSET","DWELLING","PC_GFCF","A","2005",27.1441901673204,
"ISR","GFCFASSET","DWELLING","PC_GFCF","A","2006",25.15812490369,
"ISR","GFCFASSET","DWELLING","PC_GFCF","A","2007",23.6128515041975,
"ISR","GFCFASSET","DWELLING","PC_GFCF","A","2008",25.9581506976283,
"ISR","GFCFASSET","DWELLING","PC_GFCF","A","2009",28.4764680366031,
"ISR","GFCFASSET","DWELLING","PC_GFCF","A","2010",30.4708709663501,
"ISR","GFCFASSET","DWELLING","PC_GFCF","A","2011",30.0816912141472,
"ISR","GFCFASSET","DWELLING","PC_GFCF","A","2012",30.6615194977917,
"ISR","GFCFASSET","DWELLING","PC_GFCF","A","2013",32.2080285170444,
"ISR","GFCFASSET","DWELLING","PC_GFCF","A","2014",33.8867091155848,
"ISR","GFCFASSET","DWELLING","PC_GFCF","A","2015",34.0000507334652,
"ISR","GFCFASSET","DWELLING","PC_GFCF","A","2016",32.8688941534751,
"PRT","GFCFASSET","DWELLING","PC_GFCF","A","1970",25.4287926864296,"E"
"PRT","GFCFASSET","DWELLING","PC_GFCF","A","1971",25.3084314324848,"E"
"PRT","GFCFASSET","DWELLING","PC_GFCF","A","1972",24.9377080169636,"E"
"PRT","GFCFASSET","DWELLING","PC_GFCF","A","1973",26.83116264287,"E"
"PRT","GFCFASSET","DWELLING","PC_GFCF","A","1974",28.5392047833219,"E"
"PRT","GFCFASSET","DWELLING","PC_GFCF","A","1975",30.5220585778814,"E"
"PRT","GFCFASSET","DWELLING","PC_GFCF","A","1976",30.5221399644994,"E"
"PRT","GFCFASSET","DWELLING","PC_GFCF","A","1977",30.5223065223671,"E"
"PRT","GFCFASSET","DWELLING","PC_GFCF","A","1978",31.4217902582817,"E"
"PRT","GFCFASSET","DWELLING","PC_GFCF","A","1979",29.7612716965668,"E"
"PRT","GFCFASSET","DWELLING","PC_GFCF","A","1980",29.5114814979092,"E"
"PRT","GFCFASSET","DWELLING","PC_GFCF","A","1981",28.9965510287376,"E"
"PRT","GFCFASSET","DWELLING","PC_GFCF","A","1982",29.4490276667142,"E"
"PRT","GFCFASSET","DWELLING","PC_GFCF","A","1983",29.8643189738625,"E"
"PRT","GFCFASSET","DWELLING","PC_GFCF","A","1984",31.7711781669749,"E"
"PRT","GFCFASSET","DWELLING","PC_GFCF","A","1985",31.298013807928,"E"
"PRT","GFCFASSET","DWELLING","PC_GFCF","A","1986",30.7355648975049,"E"
"PRT","GFCFASSET","DWELLING","PC_GFCF","A","1987",28.2501783282982,"E"
"PRT","GFCFASSET","DWELLING","PC_GFCF","A","1988",28.1095299286054,"E"
"PRT","GFCFASSET","DWELLING","PC_GFCF","A","1989",28.6604750068907,"E"
"PRT","GFCFASSET","DWELLING","PC_GFCF","A","1990",28.5673570043202,"E"
"PRT","GFCFASSET","DWELLING","PC_GFCF","A","1991",29.4046338576022,"E"
"PRT","GFCFASSET","DWELLING","PC_GFCF","A","1992",30.2469833371766,"E"
"PRT","GFCFASSET","DWELLING","PC_GFCF","A","1993",31.1973197226373,"E"
"PRT","GFCFASSET","DWELLING","PC_GFCF","A","1994",30.632861391522,"E"
"PRT","GFCFASSET","DWELLING","PC_GFCF","A","1995",31.4159110501019,
"PRT","GFCFASSET","DWELLING","PC_GFCF","A","1996",29.8994431342825,
"PRT","GFCFASSET","DWELLING","PC_GFCF","A","1997",28.867593716782,
"PRT","GFCFASSET","DWELLING","PC_GFCF","A","1998",28.4153611218707,
"PRT","GFCFASSET","DWELLING","PC_GFCF","A","1999",28.9305829247615,
"PRT","GFCFASSET","DWELLING","PC_GFCF","A","2000",29.1748353246658,
"PRT","GFCFASSET","DWELLING","PC_GFCF","A","2001",28.4132904761262,
"PRT","GFCFASSET","DWELLING","PC_GFCF","A","2002",28.6247325759776,
"PRT","GFCFASSET","DWELLING","PC_GFCF","A","2003",26.0925406687549,
"PRT","GFCFASSET","DWELLING","PC_GFCF","A","2004",25.678662192646,
"PRT","GFCFASSET","DWELLING","PC_GFCF","A","2005",26.0169727182847,
"PRT","GFCFASSET","DWELLING","PC_GFCF","A","2006",25.0227175201215,
"PRT","GFCFASSET","DWELLING","PC_GFCF","A","2007",23.2540245719998,
"PRT","GFCFASSET","DWELLING","PC_GFCF","A","2008",20.4751429130542,
"PRT","GFCFASSET","DWELLING","PC_GFCF","A","2009",19.1711268540127,
"PRT","GFCFASSET","DWELLING","PC_GFCF","A","2010",17.5974621500772,
"PRT","GFCFASSET","DWELLING","PC_GFCF","A","2011",17.7175389078524,
"PRT","GFCFASSET","DWELLING","PC_GFCF","A","2012",18.6233834811027,
"PRT","GFCFASSET","DWELLING","PC_GFCF","A","2013",16.6942281797125,
"PRT","GFCFASSET","DWELLING","PC_GFCF","A","2014",16.4924562241248,
"PRT","GFCFASSET","DWELLING","PC_GFCF","A","2015",15.8070029695161,
"PRT","GFCFASSET","DWELLING","PC_GFCF","A","2016",16.7060521458935,
"IRL","GFCFASSET","DWELLING","PC_GFCF","A","1995",28.4925919068651,
"IRL","GFCFASSET","DWELLING","PC_GFCF","A","1996",29.9362234482652,
"IRL","GFCFASSET","DWELLING","PC_GFCF","A","1997",31.2443353984415,
"IRL","GFCFASSET","DWELLING","PC_GFCF","A","1998",31.5150439581575,
"IRL","GFCFASSET","DWELLING","PC_GFCF","A","1999",32.4129590248335,
"IRL","GFCFASSET","DWELLING","PC_GFCF","A","2000",34.1508760057724,
"IRL","GFCFASSET","DWELLING","PC_GFCF","A","2001",34.7609861247716,
"IRL","GFCFASSET","DWELLING","PC_GFCF","A","2002",35.9638100589491,
"IRL","GFCFASSET","DWELLING","PC_GFCF","A","2003",40.903803100331,
"IRL","GFCFASSET","DWELLING","PC_GFCF","A","2004",43.2456367579862,
"IRL","GFCFASSET","DWELLING","PC_GFCF","A","2005",43.691387968081,
"IRL","GFCFASSET","DWELLING","PC_GFCF","A","2006",43.5588053257648,
"IRL","GFCFASSET","DWELLING","PC_GFCF","A","2007",38.6975529479552,
"IRL","GFCFASSET","DWELLING","PC_GFCF","A","2008",33.2176230952392,
"IRL","GFCFASSET","DWELLING","PC_GFCF","A","2009",22.0934075755697,
"IRL","GFCFASSET","DWELLING","PC_GFCF","A","2010",17.1178895106646,
"IRL","GFCFASSET","DWELLING","PC_GFCF","A","2011",11.899549320157,
"IRL","GFCFASSET","DWELLING","PC_GFCF","A","2012",7.44311847105291,
"IRL","GFCFASSET","DWELLING","PC_GFCF","A","2013",8.43761869567756,
"IRL","GFCFASSET","DWELLING","PC_GFCF","A","2014",8.56049243163467,
"IRL","GFCFASSET","DWELLING","PC_GFCF","A","2015",6.00698042512215,
"IRL","GFCFASSET","DWELLING","PC_GFCF","A","2016",4.98404648224975,
"AUS","GFCFASSET","DWELLING","PC_GFCF","A","1970",15.3180826125616,
"AUS","GFCFASSET","DWELLING","PC_GFCF","A","1971",16.6094356524336,
"AUS","GFCFASSET","DWELLING","PC_GFCF","A","1972",18.4008837947939,
"AUS","GFCFASSET","DWELLING","PC_GFCF","A","1973",19.0437412750116,
"AUS","GFCFASSET","DWELLING","PC_GFCF","A","1974",17.5643392333587,
"AUS","GFCFASSET","DWELLING","PC_GFCF","A","1975",20.772681497757,
"AUS","GFCFASSET","DWELLING","PC_GFCF","A","1976",23.1386302253396,
"AUS","GFCFASSET","DWELLING","PC_GFCF","A","1977",22.8020686412788,
"AUS","GFCFASSET","DWELLING","PC_GFCF","A","1978",20.776392614802,
"AUS","GFCFASSET","DWELLING","PC_GFCF","A","1979",21.4723753797682,
"AUS","GFCFASSET","DWELLING","PC_GFCF","A","1980",22.4043084319527,
"AUS","GFCFASSET","DWELLING","PC_GFCF","A","1981",21.0503574514887,
"AUS","GFCFASSET","DWELLING","PC_GFCF","A","1982",18.6999144942234,
"AUS","GFCFASSET","DWELLING","PC_GFCF","A","1983",19.3726970432282,
"AUS","GFCFASSET","DWELLING","PC_GFCF","A","1984",20.2329309694455,
"AUS","GFCFASSET","DWELLING","PC_GFCF","A","1985",19.1003582764586,
"AUS","GFCFASSET","DWELLING","PC_GFCF","A","1986",16.9100365054758,
"AUS","GFCFASSET","DWELLING","PC_GFCF","A","1987",16.9681500388414,
"AUS","GFCFASSET","DWELLING","PC_GFCF","A","1988",19.8531568440075,
"AUS","GFCFASSET","DWELLING","PC_GFCF","A","1989",20.4704221829162,
"AUS","GFCFASSET","DWELLING","PC_GFCF","A","1990",21.0194141455718,
"AUS","GFCFASSET","DWELLING","PC_GFCF","A","1991",22.3872722946902,
"AUS","GFCFASSET","DWELLING","PC_GFCF","A","1992",23.9978913064315,
"AUS","GFCFASSET","DWELLING","PC_GFCF","A","1993",24.8426098154242,
"AUS","GFCFASSET","DWELLING","PC_GFCF","A","1994",23.6382339232043,
"AUS","GFCFASSET","DWELLING","PC_GFCF","A","1995",20.7031525219393,
"AUS","GFCFASSET","DWELLING","PC_GFCF","A","1996",19.8710140270377,
"AUS","GFCFASSET","DWELLING","PC_GFCF","A","1997",21.2194595469692,
"AUS","GFCFASSET","DWELLING","PC_GFCF","A","1998",21.8432911023368,
"AUS","GFCFASSET","DWELLING","PC_GFCF","A","1999",24.0257851316601,
"AUS","GFCFASSET","DWELLING","PC_GFCF","A","2000",21.2334817865564,
"AUS","GFCFASSET","DWELLING","PC_GFCF","A","2001",23.0231798889977,
"AUS","GFCFASSET","DWELLING","PC_GFCF","A","2002",23.8791273923102,
"AUS","GFCFASSET","DWELLING","PC_GFCF","A","2003",25.1829543874287,
"AUS","GFCFASSET","DWELLING","PC_GFCF","A","2004",24.4152321669314,
"AUS","GFCFASSET","DWELLING","PC_GFCF","A","2005",21.7920194689246,
"AUS","GFCFASSET","DWELLING","PC_GFCF","A","2006",20.6181524467696,
"AUS","GFCFASSET","DWELLING","PC_GFCF","A","2007",19.7095491792195,
"AUS","GFCFASSET","DWELLING","PC_GFCF","A","2008",19.0863372785993,
"AUS","GFCFASSET","DWELLING","PC_GFCF","A","2009",19.9244388221079,
"AUS","GFCFASSET","DWELLING","PC_GFCF","A","2010",20.2213950161739,
"AUS","GFCFASSET","DWELLING","PC_GFCF","A","2011",17.3432272621178,
"AUS","GFCFASSET","DWELLING","PC_GFCF","A","2012",16.837540537762,
"AUS","GFCFASSET","DWELLING","PC_GFCF","A","2013",18.4026210343592,
"AUS","GFCFASSET","DWELLING","PC_GFCF","A","2014",21.0618470686393,
"AUS","GFCFASSET","DWELLING","PC_GFCF","A","2015",23.7879399131446,
"AUS","GFCFASSET","DWELLING","PC_GFCF","A","2016",24.9718295188766,
"POL","GFCFASSET","DWELLING","PC_GFCF","A","1995",12.3383862755212,
"POL","GFCFASSET","DWELLING","PC_GFCF","A","1996",10.6818616207951,
"POL","GFCFASSET","DWELLING","PC_GFCF","A","1997",10.6889901671668,
"POL","GFCFASSET","DWELLING","PC_GFCF","A","1998",10.8174550162169,
"POL","GFCFASSET","DWELLING","PC_GFCF","A","1999",11.5034774683297,
"POL","GFCFASSET","DWELLING","PC_GFCF","A","2000",12.6475994992613,
"POL","GFCFASSET","DWELLING","PC_GFCF","A","2001",13.1043591477002,
"POL","GFCFASSET","DWELLING","PC_GFCF","A","2002",14.8188774145219,
"POL","GFCFASSET","DWELLING","PC_GFCF","A","2003",14.4776566119251,
"POL","GFCFASSET","DWELLING","PC_GFCF","A","2004",17.4582295649327,
"POL","GFCFASSET","DWELLING","PC_GFCF","A","2005",17.7294125819569,
"POL","GFCFASSET","DWELLING","PC_GFCF","A","2006",16.8552404258147,
"POL","GFCFASSET","DWELLING","PC_GFCF","A","2007",16.3039403844424,
"POL","GFCFASSET","DWELLING","PC_GFCF","A","2008",16.488914025626,
"POL","GFCFASSET","DWELLING","PC_GFCF","A","2009",15.9811019339927,
"POL","GFCFASSET","DWELLING","PC_GFCF","A","2010",15.5866260983463,
"POL","GFCFASSET","DWELLING","PC_GFCF","A","2011",14.728072205508,
"POL","GFCFASSET","DWELLING","PC_GFCF","A","2012",15.9558631982435,
"POL","GFCFASSET","DWELLING","PC_GFCF","A","2013",15.7137586422625,
"POL","GFCFASSET","DWELLING","PC_GFCF","A","2014",15.3926615181989,
"POL","GFCFASSET","DWELLING","PC_GFCF","A","2015",12.6531854269828,
"POL","GFCFASSET","DWELLING","PC_GFCF","A","2016",13.2849369125193,
"NLD","GFCFASSET","DWELLING","PC_GFCF","A","1980",29.3810873357333,"E"
"NLD","GFCFASSET","DWELLING","PC_GFCF","A","1981",29.0423618244346,"E"
"NLD","GFCFASSET","DWELLING","PC_GFCF","A","1982",28.0846307571794,"E"
"NLD","GFCFASSET","DWELLING","PC_GFCF","A","1983",26.9563950434603,"E"
"NLD","GFCFASSET","DWELLING","PC_GFCF","A","1984",25.9191599437199,"E"
"NLD","GFCFASSET","DWELLING","PC_GFCF","A","1985",23.9910565019893,"E"
"NLD","GFCFASSET","DWELLING","PC_GFCF","A","1986",23.8477000648889,"E"
"NLD","GFCFASSET","DWELLING","PC_GFCF","A","1987",23.818378116141,"E"
"NLD","GFCFASSET","DWELLING","PC_GFCF","A","1988",24.3855083656095,"E"
"NLD","GFCFASSET","DWELLING","PC_GFCF","A","1989",23.8060293215925,"E"
"NLD","GFCFASSET","DWELLING","PC_GFCF","A","1990",22.875063341672,"E"
"NLD","GFCFASSET","DWELLING","PC_GFCF","A","1991",21.7699786381871,"E"
"NLD","GFCFASSET","DWELLING","PC_GFCF","A","1992",23.4419642358415,"E"
"NLD","GFCFASSET","DWELLING","PC_GFCF","A","1993",24.5087364142237,"E"
"NLD","GFCFASSET","DWELLING","PC_GFCF","A","1994",26.1735932092679,"E"
"NLD","GFCFASSET","DWELLING","PC_GFCF","A","1995",25.1986313286551,
"NLD","GFCFASSET","DWELLING","PC_GFCF","A","1996",25.3672316384181,
"NLD","GFCFASSET","DWELLING","PC_GFCF","A","1997",25.6951821533462,
"NLD","GFCFASSET","DWELLING","PC_GFCF","A","1998",25.0412129373796,
"NLD","GFCFASSET","DWELLING","PC_GFCF","A","1999",24.2556954124623,
"NLD","GFCFASSET","DWELLING","PC_GFCF","A","2000",24.7761545711593,
"NLD","GFCFASSET","DWELLING","PC_GFCF","A","2001",26.0725732386183,
"NLD","GFCFASSET","DWELLING","PC_GFCF","A","2002",26.3957901511495,
"NLD","GFCFASSET","DWELLING","PC_GFCF","A","2003",26.5004354576092,
"NLD","GFCFASSET","DWELLING","PC_GFCF","A","2004",28.1293061710923,
"NLD","GFCFASSET","DWELLING","PC_GFCF","A","2005",29.1443612499333,
"NLD","GFCFASSET","DWELLING","PC_GFCF","A","2006",29.3063076247622,
"NLD","GFCFASSET","DWELLING","PC_GFCF","A","2007",26.7996061736441,
"NLD","GFCFASSET","DWELLING","PC_GFCF","A","2008",27.9752132512697,
"NLD","GFCFASSET","DWELLING","PC_GFCF","A","2009",26.4129259058951,
"NLD","GFCFASSET","DWELLING","PC_GFCF","A","2010",23.7152297891944,
"NLD","GFCFASSET","DWELLING","PC_GFCF","A","2011",20.9956858702707,
"NLD","GFCFASSET","DWELLING","PC_GFCF","A","2012",18.903718215583,
"NLD","GFCFASSET","DWELLING","PC_GFCF","A","2013",16.4685698260432,
"NLD","GFCFASSET","DWELLING","PC_GFCF","A","2014",17.4541637745687,
"NLD","GFCFASSET","DWELLING","PC_GFCF","A","2015",15.8175607901241,
"NLD","GFCFASSET","DWELLING","PC_GFCF","A","2016",20.6077289571202,
"FRA","GFCFASSET","DWELLING","PC_GFCF","A","1970",34.9022402627583,
"FRA","GFCFASSET","DWELLING","PC_GFCF","A","1971",34.7218778411439,
"FRA","GFCFASSET","DWELLING","PC_GFCF","A","1972",35.3399346421288,
"FRA","GFCFASSET","DWELLING","PC_GFCF","A","1973",36.2205058563911,
"FRA","GFCFASSET","DWELLING","PC_GFCF","A","1974",36.8327433785731,
"FRA","GFCFASSET","DWELLING","PC_GFCF","A","1975",36.6353800243402,
"FRA","GFCFASSET","DWELLING","PC_GFCF","A","1976",35.4847230782777,
"FRA","GFCFASSET","DWELLING","PC_GFCF","A","1977",35.5353906905039,
"FRA","GFCFASSET","DWELLING","PC_GFCF","A","1978",35.7684146711125,
"FRA","GFCFASSET","DWELLING","PC_GFCF","A","1979",35.5879691243013,
"FRA","GFCFASSET","DWELLING","PC_GFCF","A","1980",34.6732029105012,
"FRA","GFCFASSET","DWELLING","PC_GFCF","A","1981",33.7765717611759,
"FRA","GFCFASSET","DWELLING","PC_GFCF","A","1982",31.9350433876107,
"FRA","GFCFASSET","DWELLING","PC_GFCF","A","1983",31.7599332992356,
"FRA","GFCFASSET","DWELLING","PC_GFCF","A","1984",31.0219317472336,
"FRA","GFCFASSET","DWELLING","PC_GFCF","A","1985",29.4686140847177,
"FRA","GFCFASSET","DWELLING","PC_GFCF","A","1986",28.7771531681588,
"FRA","GFCFASSET","DWELLING","PC_GFCF","A","1987",28.1989330653524,
"FRA","GFCFASSET","DWELLING","PC_GFCF","A","1988",27.4272853681962,
"FRA","GFCFASSET","DWELLING","PC_GFCF","A","1989",27.2614316267068,
"FRA","GFCFASSET","DWELLING","PC_GFCF","A","1990",26.0591766897912,
"FRA","GFCFASSET","DWELLING","PC_GFCF","A","1991",25.1580777742649,
"FRA","GFCFASSET","DWELLING","PC_GFCF","A","1992",25.2359538863817,
"FRA","GFCFASSET","DWELLING","PC_GFCF","A","1993",26.3637939710179,
"FRA","GFCFASSET","DWELLING","PC_GFCF","A","1994",27.0807396709991,
"FRA","GFCFASSET","DWELLING","PC_GFCF","A","1995",26.6975523188773,
"FRA","GFCFASSET","DWELLING","PC_GFCF","A","1996",25.9854202435857,
"FRA","GFCFASSET","DWELLING","PC_GFCF","A","1997",26.6994792781225,
"FRA","GFCFASSET","DWELLING","PC_GFCF","A","1998",26.2509199307171,
"FRA","GFCFASSET","DWELLING","PC_GFCF","A","1999",25.9053708264446,
"FRA","GFCFASSET","DWELLING","PC_GFCF","A","2000",24.8324468419531,
"FRA","GFCFASSET","DWELLING","PC_GFCF","A","2001",24.5594843451116,
"FRA","GFCFASSET","DWELLING","PC_GFCF","A","2002",25.7721578339906,
"FRA","GFCFASSET","DWELLING","PC_GFCF","A","2003",26.5929657617315,
"FRA","GFCFASSET","DWELLING","PC_GFCF","A","2004",27.1885995874272,
"FRA","GFCFASSET","DWELLING","PC_GFCF","A","2005",28.0345108879201,
"FRA","GFCFASSET","DWELLING","PC_GFCF","A","2006",29.0637057960152,
"FRA","GFCFASSET","DWELLING","PC_GFCF","A","2007",29.0539684796882,
"FRA","GFCFASSET","DWELLING","PC_GFCF","A","2008",28.6995105536211,
"FRA","GFCFASSET","DWELLING","PC_GFCF","A","2009",28.390433398858,
"FRA","GFCFASSET","DWELLING","PC_GFCF","A","2010",28.5242378142096,
"FRA","GFCFASSET","DWELLING","PC_GFCF","A","2011",28.444252826248,
"FRA","GFCFASSET","DWELLING","PC_GFCF","A","2012",27.792439235482,
"FRA","GFCFASSET","DWELLING","PC_GFCF","A","2013",27.8099205430842,
"FRA","GFCFASSET","DWELLING","PC_GFCF","A","2014",27.6811924796354,
"FRA","GFCFASSET","DWELLING","PC_GFCF","A","2015",27.2861141613085,
"FRA","GFCFASSET","DWELLING","PC_GFCF","A","2016",27.2999413191296,
"ESP","GFCFASSET","DWELLING","PC_GFCF","A","1995",27.4670304683947,
"ESP","GFCFASSET","DWELLING","PC_GFCF","A","1996",28.7553325440229,
"ESP","GFCFASSET","DWELLING","PC_GFCF","A","1997",28.0133541449879,
"ESP","GFCFASSET","DWELLING","PC_GFCF","A","1998",28.0402878141701,
"ESP","GFCFASSET","DWELLING","PC_GFCF","A","1999",28.8683852725711,
"ESP","GFCFASSET","DWELLING","PC_GFCF","A","2000",33.4970821150819,
"ESP","GFCFASSET","DWELLING","PC_GFCF","A","2001",34.7188237409876,
"ESP","GFCFASSET","DWELLING","PC_GFCF","A","2002",36.1493616189364,
"ESP","GFCFASSET","DWELLING","PC_GFCF","A","2003",37.4100460402256,
"ESP","GFCFASSET","DWELLING","PC_GFCF","A","2004",38.2468692640481,
"ESP","GFCFASSET","DWELLING","PC_GFCF","A","2005",38.5717675311509,
"ESP","GFCFASSET","DWELLING","PC_GFCF","A","2006",38.9046855331847,
"ESP","GFCFASSET","DWELLING","PC_GFCF","A","2007",37.826327961091,
"ESP","GFCFASSET","DWELLING","PC_GFCF","A","2008",35.5592767064135,
"ESP","GFCFASSET","DWELLING","PC_GFCF","A","2009",33.2283170602555,
"ESP","GFCFASSET","DWELLING","PC_GFCF","A","2010",29.9923289167708,
"ESP","GFCFASSET","DWELLING","PC_GFCF","A","2011",26.7234779279985,
"ESP","GFCFASSET","DWELLING","PC_GFCF","A","2012",24.8422310640841,
"ESP","GFCFASSET","DWELLING","PC_GFCF","A","2013",22.1145598868852,
"ESP","GFCFASSET","DWELLING","PC_GFCF","A","2014",23.5522932114948,
"ESP","GFCFASSET","DWELLING","PC_GFCF","A","2015",22.3974778097553,
"ESP","GFCFASSET","DWELLING","PC_GFCF","A","2016",23.9397483989226,"E"
"HUN","GFCFASSET","DWELLING","PC_GFCF","A","1995",18.3177000104012,
"HUN","GFCFASSET","DWELLING","PC_GFCF","A","1996",20.4520409448916,
"HUN","GFCFASSET","DWELLING","PC_GFCF","A","1997",19.1634753377219,
"HUN","GFCFASSET","DWELLING","PC_GFCF","A","1998",14.2278869914568,
"HUN","GFCFASSET","DWELLING","PC_GFCF","A","1999",12.6993322310625,
"HUN","GFCFASSET","DWELLING","PC_GFCF","A","2000",13.8947629201653,
"HUN","GFCFASSET","DWELLING","PC_GFCF","A","2001",17.6214269342851,
"HUN","GFCFASSET","DWELLING","PC_GFCF","A","2002",19.3166728995509,
"HUN","GFCFASSET","DWELLING","PC_GFCF","A","2003",20.8513538430141,
"HUN","GFCFASSET","DWELLING","PC_GFCF","A","2004",21.8930607555067,
"HUN","GFCFASSET","DWELLING","PC_GFCF","A","2005",18.8228973271935,
"HUN","GFCFASSET","DWELLING","PC_GFCF","A","2006",15.8399360797949,
"HUN","GFCFASSET","DWELLING","PC_GFCF","A","2007",16.9126335292967,
"HUN","GFCFASSET","DWELLING","PC_GFCF","A","2008",17.6181269001172,
"HUN","GFCFASSET","DWELLING","PC_GFCF","A","2009",18.2393945747879,
"HUN","GFCFASSET","DWELLING","PC_GFCF","A","2010",15.2786976268197,
"HUN","GFCFASSET","DWELLING","PC_GFCF","A","2011",11.2741419377407,
"HUN","GFCFASSET","DWELLING","PC_GFCF","A","2012",10.4771789655003,
"HUN","GFCFASSET","DWELLING","PC_GFCF","A","2013",8.83363619171086,
"HUN","GFCFASSET","DWELLING","PC_GFCF","A","2014",8.74152409800344,
"HUN","GFCFASSET","DWELLING","PC_GFCF","A","2015",9.78094279263201,
"HUN","GFCFASSET","DWELLING","PC_GFCF","A","2016",12.3083445378526,
"ZAF","GFCFASSET","DWELLING","PC_GFCF","A","1970",17.2330827067669,
"ZAF","GFCFASSET","DWELLING","PC_GFCF","A","1971",16.4569961489089,
"ZAF","GFCFASSET","DWELLING","PC_GFCF","A","1972",15.1909913888276,
"ZAF","GFCFASSET","DWELLING","PC_GFCF","A","1973",15.4380041268055,
"ZAF","GFCFASSET","DWELLING","PC_GFCF","A","1974",14.9439410228843,
"ZAF","GFCFASSET","DWELLING","PC_GFCF","A","1975",12.4971389333944,
"ZAF","GFCFASSET","DWELLING","PC_GFCF","A","1976",11.3916617733412,
"ZAF","GFCFASSET","DWELLING","PC_GFCF","A","1977",9.72527472527473,
"ZAF","GFCFASSET","DWELLING","PC_GFCF","A","1978",9.73053892215569,
"ZAF","GFCFASSET","DWELLING","PC_GFCF","A","1979",10.6812070510905,
"ZAF","GFCFASSET","DWELLING","PC_GFCF","A","1980",11.6579445496047,
"ZAF","GFCFASSET","DWELLING","PC_GFCF","A","1981",11.996336996337,
"ZAF","GFCFASSET","DWELLING","PC_GFCF","A","1982",12.6544335075141,
"ZAF","GFCFASSET","DWELLING","PC_GFCF","A","1983",14.6523513622826,
"ZAF","GFCFASSET","DWELLING","PC_GFCF","A","1984",16.2836506894288,
"ZAF","GFCFASSET","DWELLING","PC_GFCF","A","1985",14.161287333601,
"ZAF","GFCFASSET","DWELLING","PC_GFCF","A","1986",13.9007430839476,
"ZAF","GFCFASSET","DWELLING","PC_GFCF","A","1987",14.9423659690164,
"ZAF","GFCFASSET","DWELLING","PC_GFCF","A","1988",14.3213749226827,
"ZAF","GFCFASSET","DWELLING","PC_GFCF","A","1989",11.5607932323702,
"ZAF","GFCFASSET","DWELLING","PC_GFCF","A","1990",10.8724467796285,
"ZAF","GFCFASSET","DWELLING","PC_GFCF","A","1991",11.9509876088823,
"ZAF","GFCFASSET","DWELLING","PC_GFCF","A","1992",12.9697258783371,
"ZAF","GFCFASSET","DWELLING","PC_GFCF","A","1993",13.3000807288663,
"ZAF","GFCFASSET","DWELLING","PC_GFCF","A","1994",12.9832074833765,
"ZAF","GFCFASSET","DWELLING","PC_GFCF","A","1995",13.1012631755061,
"ZAF","GFCFASSET","DWELLING","PC_GFCF","A","1996",13.5430603155985,
"ZAF","GFCFASSET","DWELLING","PC_GFCF","A","1997",13.4424848303183,
"ZAF","GFCFASSET","DWELLING","PC_GFCF","A","1998",12.5796663811501,
"ZAF","GFCFASSET","DWELLING","PC_GFCF","A","1999",11.77265571628,
"ZAF","GFCFASSET","DWELLING","PC_GFCF","A","2000",13.3341002442837,
"ZAF","GFCFASSET","DWELLING","PC_GFCF","A","2001",13.4422551877577,
"ZAF","GFCFASSET","DWELLING","PC_GFCF","A","2002",13.1054826238077,
"ZAF","GFCFASSET","DWELLING","PC_GFCF","A","2003",13.3789887529085,
"ZAF","GFCFASSET","DWELLING","PC_GFCF","A","2004",15.5695077596564,
"ZAF","GFCFASSET","DWELLING","PC_GFCF","A","2005",17.386890592226,
"ZAF","GFCFASSET","DWELLING","PC_GFCF","A","2006",17.3990606282587,
"ZAF","GFCFASSET","DWELLING","PC_GFCF","A","2007",15.8127232819345,
"ZAF","GFCFASSET","DWELLING","PC_GFCF","A","2008",12.5532094427798,
"ZAF","GFCFASSET","DWELLING","PC_GFCF","A","2009",12.4419768648969,
"ZAF","GFCFASSET","DWELLING","PC_GFCF","A","2010",9.56593021564661,
"ZAF","GFCFASSET","DWELLING","PC_GFCF","A","2011",8.80831995899661,
"ZAF","GFCFASSET","DWELLING","PC_GFCF","A","2012",8.75625383951228,
"ZAF","GFCFASSET","DWELLING","PC_GFCF","A","2013",8.46768363920455,
"ZAF","GFCFASSET","DWELLING","PC_GFCF","A","2014",9.15531781394596,
"ZAF","GFCFASSET","DWELLING","PC_GFCF","A","2015",9.45149272166289,
"ZAF","GFCFASSET","DWELLING","PC_GFCF","A","2016",9.38355596528557,
"CAN","GFCFASSET","DWELLING","PC_GFCF","A","1970",23.1658890102254,
"CAN","GFCFASSET","DWELLING","PC_GFCF","A","1971",25.255883124836,
"CAN","GFCFASSET","DWELLING","PC_GFCF","A","1972",27.3665409803532,
"CAN","GFCFASSET","DWELLING","PC_GFCF","A","1973",28.7957074721781,
"CAN","GFCFASSET","DWELLING","PC_GFCF","A","1974",28.006882090435,
"CAN","GFCFASSET","DWELLING","PC_GFCF","A","1975",25.6100384312636,
"CAN","GFCFASSET","DWELLING","PC_GFCF","A","1976",29.6626599457154,
"CAN","GFCFASSET","DWELLING","PC_GFCF","A","1977",28.9440407662546,
"CAN","GFCFASSET","DWELLING","PC_GFCF","A","1978",28.3170234102147,
"CAN","GFCFASSET","DWELLING","PC_GFCF","A","1979",26.2225869013874,
"CAN","GFCFASSET","DWELLING","PC_GFCF","A","1980",23.5397219012503,
"CAN","GFCFASSET","DWELLING","PC_GFCF","A","1981",23.3805689980686,
"CAN","GFCFASSET","DWELLING","PC_GFCF","A","1982",20.8408003926627,
"CAN","GFCFASSET","DWELLING","PC_GFCF","A","1983",25.0104431272933,
"CAN","GFCFASSET","DWELLING","PC_GFCF","A","1984",24.7135878026521,
"CAN","GFCFASSET","DWELLING","PC_GFCF","A","1985",24.8826517800228,
"CAN","GFCFASSET","DWELLING","PC_GFCF","A","1986",28.1247461298912,
"CAN","GFCFASSET","DWELLING","PC_GFCF","A","1987",31.3038630027877,
"CAN","GFCFASSET","DWELLING","PC_GFCF","A","1988",30.2845098619747,
"CAN","GFCFASSET","DWELLING","PC_GFCF","A","1989",30.7164535290913,
"CAN","GFCFASSET","DWELLING","PC_GFCF","A","1990",28.0803677892896,
"CAN","GFCFASSET","DWELLING","PC_GFCF","A","1991",26.3753032593791,
"CAN","GFCFASSET","DWELLING","PC_GFCF","A","1992",29.1187684442562,
"CAN","GFCFASSET","DWELLING","PC_GFCF","A","1993",28.807077461757,
"CAN","GFCFASSET","DWELLING","PC_GFCF","A","1994",27.9080971633561,
"CAN","GFCFASSET","DWELLING","PC_GFCF","A","1995",23.9520251671254,
"CAN","GFCFASSET","DWELLING","PC_GFCF","A","1996",24.7299127434187,
"CAN","GFCFASSET","DWELLING","PC_GFCF","A","1997",23.9048131188858,
"CAN","GFCFASSET","DWELLING","PC_GFCF","A","1998",22.2555566475453,
"CAN","GFCFASSET","DWELLING","PC_GFCF","A","1999",22.4253324291653,
"CAN","GFCFASSET","DWELLING","PC_GFCF","A","2000",22.4318551902611,
"CAN","GFCFASSET","DWELLING","PC_GFCF","A","2001",24.0335755536671,
"CAN","GFCFASSET","DWELLING","PC_GFCF","A","2002",27.7040572391984,
"CAN","GFCFASSET","DWELLING","PC_GFCF","A","2003",28.6853256021409,
"CAN","GFCFASSET","DWELLING","PC_GFCF","A","2004",29.8902186660546,
"CAN","GFCFASSET","DWELLING","PC_GFCF","A","2005",29.154895549793,
"CAN","GFCFASSET","DWELLING","PC_GFCF","A","2006",29.0317494613044,
"CAN","GFCFASSET","DWELLING","PC_GFCF","A","2007",30.4236712745444,
"CAN","GFCFASSET","DWELLING","PC_GFCF","A","2008",28.3753031054974,
"CAN","GFCFASSET","DWELLING","PC_GFCF","A","2009",29.5657557265411,
"CAN","GFCFASSET","DWELLING","PC_GFCF","A","2010",29.3638631275983,
"CAN","GFCFASSET","DWELLING","PC_GFCF","A","2011",28.7021297510615,
"CAN","GFCFASSET","DWELLING","PC_GFCF","A","2012",28.9776319993565,
"CAN","GFCFASSET","DWELLING","PC_GFCF","A","2013",28.5637283987646,
"CAN","GFCFASSET","DWELLING","PC_GFCF","A","2014",28.378022863391,
"CAN","GFCFASSET","DWELLING","PC_GFCF","A","2015",30.9583091091395,
"CAN","GFCFASSET","DWELLING","PC_GFCF","A","2016",33.8879598482256,
"FIN","GFCFASSET","DWELLING","PC_GFCF","A","1975",24.7527687187911,"E"
"FIN","GFCFASSET","DWELLING","PC_GFCF","A","1976",24.3750945497434,"E"
"FIN","GFCFASSET","DWELLING","PC_GFCF","A","1977",26.4035361543889,"E"
"FIN","GFCFASSET","DWELLING","PC_GFCF","A","1978",28.4288426923491,"E"
"FIN","GFCFASSET","DWELLING","PC_GFCF","A","1979",27.6096591630875,"E"
"FIN","GFCFASSET","DWELLING","PC_GFCF","A","1980",26.6449157150625,
"FIN","GFCFASSET","DWELLING","PC_GFCF","A","1981",25.6464891041162,
"FIN","GFCFASSET","DWELLING","PC_GFCF","A","1982",25.7264593097571,
"FIN","GFCFASSET","DWELLING","PC_GFCF","A","1983",25.2034358047016,
"FIN","GFCFASSET","DWELLING","PC_GFCF","A","1984",25.3500106602232,
"FIN","GFCFASSET","DWELLING","PC_GFCF","A","1985",23.6809894994524,
"FIN","GFCFASSET","DWELLING","PC_GFCF","A","1986",21.9495818836599,
"FIN","GFCFASSET","DWELLING","PC_GFCF","A","1987",21.4857895314386,
"FIN","GFCFASSET","DWELLING","PC_GFCF","A","1988",23.8872952715832,
"FIN","GFCFASSET","DWELLING","PC_GFCF","A","1989",25.3772290809328,
"FIN","GFCFASSET","DWELLING","PC_GFCF","A","1990",24.7027007001815,
"FIN","GFCFASSET","DWELLING","PC_GFCF","A","1991",24.7564826757995,
"FIN","GFCFASSET","DWELLING","PC_GFCF","A","1992",22.5678042566743,
"FIN","GFCFASSET","DWELLING","PC_GFCF","A","1993",23.2039485710804,
"FIN","GFCFASSET","DWELLING","PC_GFCF","A","1994",24.485937130702,
"FIN","GFCFASSET","DWELLING","PC_GFCF","A","1995",23.4838913455464,
"FIN","GFCFASSET","DWELLING","PC_GFCF","A","1996",21.6982033639144,
"FIN","GFCFASSET","DWELLING","PC_GFCF","A","1997",23.0986986648639,
"FIN","GFCFASSET","DWELLING","PC_GFCF","A","1998",23.95813866567,
"FIN","GFCFASSET","DWELLING","PC_GFCF","A","1999",25.4792500526648,
"FIN","GFCFASSET","DWELLING","PC_GFCF","A","2000",26.2389929109578,
"FIN","GFCFASSET","DWELLING","PC_GFCF","A","2001",23.3313180169287,
"FIN","GFCFASSET","DWELLING","PC_GFCF","A","2002",23.4542109694116,
"FIN","GFCFASSET","DWELLING","PC_GFCF","A","2003",25.3539876558151,
"FIN","GFCFASSET","DWELLING","PC_GFCF","A","2004",27.0257266577987,
"FIN","GFCFASSET","DWELLING","PC_GFCF","A","2005",27.9631150798908,
"FIN","GFCFASSET","DWELLING","PC_GFCF","A","2006",28.9190013728581,
"FIN","GFCFASSET","DWELLING","PC_GFCF","A","2007",26.7831408110325,
"FIN","GFCFASSET","DWELLING","PC_GFCF","A","2008",24.0448724732776,
"FIN","GFCFASSET","DWELLING","PC_GFCF","A","2009",23.0048316216282,
"FIN","GFCFASSET","DWELLING","PC_GFCF","A","2010",27.7062516795739,
"FIN","GFCFASSET","DWELLING","PC_GFCF","A","2011",28.228145914708,
"FIN","GFCFASSET","DWELLING","PC_GFCF","A","2012",28.1528805200628,
"FIN","GFCFASSET","DWELLING","PC_GFCF","A","2013",28.1108557899868,
"FIN","GFCFASSET","DWELLING","PC_GFCF","A","2014",26.9752574878655,
"FIN","GFCFASSET","DWELLING","PC_GFCF","A","2015",27.4014936904455,
"FIN","GFCFASSET","DWELLING","PC_GFCF","A","2016",28.2448125693792,
"KOR","GFCFASSET","DWELLING","PC_GFCF","A","1970",22.9385722191478,
"KOR","GFCFASSET","DWELLING","PC_GFCF","A","1971",20.6952404684775,
"KOR","GFCFASSET","DWELLING","PC_GFCF","A","1972",16.9982509838216,
"KOR","GFCFASSET","DWELLING","PC_GFCF","A","1973",17.6295413936867,
"KOR","GFCFASSET","DWELLING","PC_GFCF","A","1974",23.8057547257659,
"KOR","GFCFASSET","DWELLING","PC_GFCF","A","1975",21.9101123595506,
"KOR","GFCFASSET","DWELLING","PC_GFCF","A","1976",18.5236695706938,
"KOR","GFCFASSET","DWELLING","PC_GFCF","A","1977",17.7758994524273,
"KOR","GFCFASSET","DWELLING","PC_GFCF","A","1978",18.6214675848967,
"KOR","GFCFASSET","DWELLING","PC_GFCF","A","1979",16.2527569079596,
"KOR","GFCFASSET","DWELLING","PC_GFCF","A","1980",17.0989823952849,
"KOR","GFCFASSET","DWELLING","PC_GFCF","A","1981",14.1427479324484,
"KOR","GFCFASSET","DWELLING","PC_GFCF","A","1982",15.7111888688604,
"KOR","GFCFASSET","DWELLING","PC_GFCF","A","1983",17.8509220065197,
"KOR","GFCFASSET","DWELLING","PC_GFCF","A","1984",14.9065814125372,
"KOR","GFCFASSET","DWELLING","PC_GFCF","A","1985",13.8644913597985,
"KOR","GFCFASSET","DWELLING","PC_GFCF","A","1986",13.8246399383653,
"KOR","GFCFASSET","DWELLING","PC_GFCF","A","1987",12.8770463348431,
"KOR","GFCFASSET","DWELLING","PC_GFCF","A","1988",14.1431621530509,
"KOR","GFCFASSET","DWELLING","PC_GFCF","A","1989",15.0827905080474,
"KOR","GFCFASSET","DWELLING","PC_GFCF","A","1990",19.7835742160531,
"KOR","GFCFASSET","DWELLING","PC_GFCF","A","1991",20.7836579628973,
"KOR","GFCFASSET","DWELLING","PC_GFCF","A","1992",19.6825440243524,
"KOR","GFCFASSET","DWELLING","PC_GFCF","A","1993",20.3843112418955,
"KOR","GFCFASSET","DWELLING","PC_GFCF","A","1994",18.155579897394,
"KOR","GFCFASSET","DWELLING","PC_GFCF","A","1995",17.8245073895439,
"KOR","GFCFASSET","DWELLING","PC_GFCF","A","1996",16.9406514430802,
"KOR","GFCFASSET","DWELLING","PC_GFCF","A","1997",16.3845112669446,
"KOR","GFCFASSET","DWELLING","PC_GFCF","A","1998",17.3957688611511,
"KOR","GFCFASSET","DWELLING","PC_GFCF","A","1999",15.2570633593663,
"KOR","GFCFASSET","DWELLING","PC_GFCF","A","2000",12.2172914554548,
"KOR","GFCFASSET","DWELLING","PC_GFCF","A","2001",14.2699589834257,
"KOR","GFCFASSET","DWELLING","PC_GFCF","A","2002",15.613432354895,
"KOR","GFCFASSET","DWELLING","PC_GFCF","A","2003",16.9903615646426,
"KOR","GFCFASSET","DWELLING","PC_GFCF","A","2004",17.3004663401627,
"KOR","GFCFASSET","DWELLING","PC_GFCF","A","2005",17.8093826930854,
"KOR","GFCFASSET","DWELLING","PC_GFCF","A","2006",17.1229926824184,
"KOR","GFCFASSET","DWELLING","PC_GFCF","A","2007",16.1194299909405,
"KOR","GFCFASSET","DWELLING","PC_GFCF","A","2008",14.7300108680568,
"KOR","GFCFASSET","DWELLING","PC_GFCF","A","2009",14.0708882686087,
"KOR","GFCFASSET","DWELLING","PC_GFCF","A","2010",11.9219710844323,
"KOR","GFCFASSET","DWELLING","PC_GFCF","A","2011",11.122248541293,
"KOR","GFCFASSET","DWELLING","PC_GFCF","A","2012",10.9618815689103,
"KOR","GFCFASSET","DWELLING","PC_GFCF","A","2013",13.2544850612711,
"KOR","GFCFASSET","DWELLING","PC_GFCF","A","2014",14.4383293846383,
"KOR","GFCFASSET","DWELLING","PC_GFCF","A","2015",16.3026517827869,
"KOR","GFCFASSET","DWELLING","PC_GFCF","A","2016",18.5732796852368,
"MEX","GFCFASSET","DWELLING","PC_GFCF","A","1993",33.8757120020676,
"MEX","GFCFASSET","DWELLING","PC_GFCF","A","1994",28.8909733652833,
"MEX","GFCFASSET","DWELLING","PC_GFCF","A","1995",38.5512459824442,
"MEX","GFCFASSET","DWELLING","PC_GFCF","A","1996",33.9123114035556,
"MEX","GFCFASSET","DWELLING","PC_GFCF","A","1997",30.6236941578776,
"MEX","GFCFASSET","DWELLING","PC_GFCF","A","1998",27.2062656150227,
"MEX","GFCFASSET","DWELLING","PC_GFCF","A","1999",27.7901084299536,
"MEX","GFCFASSET","DWELLING","PC_GFCF","A","2000",28.0865494436066,
"MEX","GFCFASSET","DWELLING","PC_GFCF","A","2001",30.1096011007521,
"MEX","GFCFASSET","DWELLING","PC_GFCF","A","2002",31.4929789327289,
"MEX","GFCFASSET","DWELLING","PC_GFCF","A","2003",31.5216290578591,
"MEX","GFCFASSET","DWELLING","PC_GFCF","A","2004",32.1619791515148,
"MEX","GFCFASSET","DWELLING","PC_GFCF","A","2005",31.5089782680288,
"MEX","GFCFASSET","DWELLING","PC_GFCF","A","2006",32.0097172109457,
"MEX","GFCFASSET","DWELLING","PC_GFCF","A","2007",31.3690667022915,
"MEX","GFCFASSET","DWELLING","PC_GFCF","A","2008",30.417342010324,
"MEX","GFCFASSET","DWELLING","PC_GFCF","A","2009",29.0313342786262,
"MEX","GFCFASSET","DWELLING","PC_GFCF","A","2010",27.849903656605,
"MEX","GFCFASSET","DWELLING","PC_GFCF","A","2011",27.3401467130819,
"MEX","GFCFASSET","DWELLING","PC_GFCF","A","2012",26.1831675128465,
"MEX","GFCFASSET","DWELLING","PC_GFCF","A","2013",25.9898112872301,
"MEX","GFCFASSET","DWELLING","PC_GFCF","A","2014",25.9727903153164,
"MEX","GFCFASSET","DWELLING","PC_GFCF","A","2015",24.7039503007891,
"MEX","GFCFASSET","DWELLING","PC_GFCF","A","2016",25.154172920879,"E"
"EA","GFCFASSET","DWELLING","PC_GFCF","A","1995",28.9469096132263,
"EA","GFCFASSET","DWELLING","PC_GFCF","A","1996",28.5815275629503,
"EA","GFCFASSET","DWELLING","PC_GFCF","A","1997",28.3367818481956,
"EA","GFCFASSET","DWELLING","PC_GFCF","A","1998",27.6468027031269,
"EA","GFCFASSET","DWELLING","PC_GFCF","A","1999",27.313662647268,
"EA","GFCFASSET","DWELLING","PC_GFCF","A","2000",26.9140554627155,
"EA","GFCFASSET","DWELLING","PC_GFCF","A","2001",26.5036033483729,
"EA","GFCFASSET","DWELLING","PC_GFCF","A","2002",27.0618485507159,
"EA","GFCFASSET","DWELLING","PC_GFCF","A","2003",27.870677113273,
"EA","GFCFASSET","DWELLING","PC_GFCF","A","2004",28.4730414940974,
"EA","GFCFASSET","DWELLING","PC_GFCF","A","2005",28.9673508005938,
"EA","GFCFASSET","DWELLING","PC_GFCF","A","2006",29.5459680493771,
"EA","GFCFASSET","DWELLING","PC_GFCF","A","2007",28.8558574204626,
"EA","GFCFASSET","DWELLING","PC_GFCF","A","2008",27.8413816381487,
"EA","GFCFASSET","DWELLING","PC_GFCF","A","2009",27.5181418824273,
"EA","GFCFASSET","DWELLING","PC_GFCF","A","2010",26.8143485138978,
"EA","GFCFASSET","DWELLING","PC_GFCF","A","2011",26.0661774677544,
"EA","GFCFASSET","DWELLING","PC_GFCF","A","2012",25.9003623442373,
"EA","GFCFASSET","DWELLING","PC_GFCF","A","2013",25.6565049756592,
"EA","GFCFASSET","DWELLING","PC_GFCF","A","2014",25.4916201942717,
"EA","GFCFASSET","DWELLING","PC_GFCF","A","2015",24.3960835079298,
"EA","GFCFASSET","DWELLING","PC_GFCF","A","2016",24.798658946671,
"EU","GFCFASSET","DWELLING","PC_GFCF","A","1995",25.934533407502,
"EU","GFCFASSET","DWELLING","PC_GFCF","A","1996",25.3393864105703,
"EU","GFCFASSET","DWELLING","PC_GFCF","A","1997",25.2307158184512,
"EU","GFCFASSET","DWELLING","PC_GFCF","A","1998",24.5631756349795,
"EU","GFCFASSET","DWELLING","PC_GFCF","A","1999",24.4031493543706,
"EU","GFCFASSET","DWELLING","PC_GFCF","A","2000",24.1323820681684,
"EU","GFCFASSET","DWELLING","PC_GFCF","A","2001",23.9358104245072,
"EU","GFCFASSET","DWELLING","PC_GFCF","A","2002",24.6954706250589,
"EU","GFCFASSET","DWELLING","PC_GFCF","A","2003",25.8636856458618,
"EU","GFCFASSET","DWELLING","PC_GFCF","A","2004",26.6200033381743,
"EU","GFCFASSET","DWELLING","PC_GFCF","A","2005",27.0056936022756,
"EU","GFCFASSET","DWELLING","PC_GFCF","A","2006",27.3026040041318,
"EU","GFCFASSET","DWELLING","PC_GFCF","A","2007",26.492453755766,
"EU","GFCFASSET","DWELLING","PC_GFCF","A","2008",25.5615481453068,
"EU","GFCFASSET","DWELLING","PC_GFCF","A","2009",25.3425920890383,
"EU","GFCFASSET","DWELLING","PC_GFCF","A","2010",24.7359142543706,
"EU","GFCFASSET","DWELLING","PC_GFCF","A","2011",24.1433759473979,
"EU","GFCFASSET","DWELLING","PC_GFCF","A","2012",23.7509807427015,
"EU","GFCFASSET","DWELLING","PC_GFCF","A","2013",23.5572635249681,
"EU","GFCFASSET","DWELLING","PC_GFCF","A","2014",23.5430241949311,
"EU","GFCFASSET","DWELLING","PC_GFCF","A","2015",22.7644744918587,
"EU","GFCFASSET","DWELLING","PC_GFCF","A","2016",23.5223166741497,
"BRA","GFCFASSET","DWELLING","PC_GFCF","A","2010",19.9470891513962,
"BRA","GFCFASSET","DWELLING","PC_GFCF","A","2011",20.2018566912843,
"BRA","GFCFASSET","DWELLING","PC_GFCF","A","2012",22.2394883002827,
"BRA","GFCFASSET","DWELLING","PC_GFCF","A","2013",22.2472160036737,
"BRA","GFCFASSET","DWELLING","PC_GFCF","A","2014",22.8734654356774,
"BRA","GFCFASSET","DWELLING","PC_GFCF","A","2015",24.8067836360117,
"BRA","GFCFASSET","DWELLING","PC_GFCF","A","2016",25.9723139803816,
"IDN","GFCFASSET","DWELLING","PC_GFCF","A","2010",74.2741234515038,
"IDN","GFCFASSET","DWELLING","PC_GFCF","A","2011",73.0830043731167,
"IDN","GFCFASSET","DWELLING","PC_GFCF","A","2012",72.8583589517401,
"IDN","GFCFASSET","DWELLING","PC_GFCF","A","2013",73.4977115579859,
"IDN","GFCFASSET","DWELLING","PC_GFCF","A","2014",74.7506367062273,
"IDN","GFCFASSET","DWELLING","PC_GFCF","A","2015",75.2011021723249,
"IDN","GFCFASSET","DWELLING","PC_GFCF","A","2016",75.1754490327425,
"LVA","GFCFASSET","DWELLING","PC_GFCF","A","1995",16.218327822879,
"LVA","GFCFASSET","DWELLING","PC_GFCF","A","1996",16.2914556054669,
"LVA","GFCFASSET","DWELLING","PC_GFCF","A","1997",9.66545434760773,
"LVA","GFCFASSET","DWELLING","PC_GFCF","A","1998",8.57183785354972,
"LVA","GFCFASSET","DWELLING","PC_GFCF","A","1999",8.99600925779973,
"LVA","GFCFASSET","DWELLING","PC_GFCF","A","2000",8.42672568461358,
"LVA","GFCFASSET","DWELLING","PC_GFCF","A","2001",7.0371005433052,
"LVA","GFCFASSET","DWELLING","PC_GFCF","A","2002",6.80378956293714,
"LVA","GFCFASSET","DWELLING","PC_GFCF","A","2003",6.63653165760152,
"LVA","GFCFASSET","DWELLING","PC_GFCF","A","2004",8.41634886264286,
"LVA","GFCFASSET","DWELLING","PC_GFCF","A","2005",9.82489396154041,
"LVA","GFCFASSET","DWELLING","PC_GFCF","A","2006",15.2141211876876,
"LVA","GFCFASSET","DWELLING","PC_GFCF","A","2007",19.7580308729381,
"LVA","GFCFASSET","DWELLING","PC_GFCF","A","2008",19.1677179646256,
"LVA","GFCFASSET","DWELLING","PC_GFCF","A","2009",10.6838435605381,
"LVA","GFCFASSET","DWELLING","PC_GFCF","A","2010",8.49071412594795,
"LVA","GFCFASSET","DWELLING","PC_GFCF","A","2011",8.46547437844864,
"LVA","GFCFASSET","DWELLING","PC_GFCF","A","2012",8.86871279430844,
"LVA","GFCFASSET","DWELLING","PC_GFCF","A","2013",9.58230029487665,
"LVA","GFCFASSET","DWELLING","PC_GFCF","A","2014",11.2574873859678,
"LVA","GFCFASSET","DWELLING","PC_GFCF","A","2015",11.0868870787414,
"LVA","GFCFASSET","DWELLING","PC_GFCF","A","2016",10.5575072322354,
"COL","GFCFASSET","DWELLING","PC_GFCF","A","1995",15.6956453643554,"E"
"COL","GFCFASSET","DWELLING","PC_GFCF","A","1996",15.6956348177478,"E"
"COL","GFCFASSET","DWELLING","PC_GFCF","A","1997",15.6956321148208,"E"
"COL","GFCFASSET","DWELLING","PC_GFCF","A","1998",15.6956458620499,"E"
"COL","GFCFASSET","DWELLING","PC_GFCF","A","1999",15.6956273984074,"E"
"COL","GFCFASSET","DWELLING","PC_GFCF","A","2000",15.6956483454802,"E"
"COL","GFCFASSET","DWELLING","PC_GFCF","A","2001",15.6956133849266,"E"
"COL","GFCFASSET","DWELLING","PC_GFCF","A","2002",15.6956233127621,"E"
"COL","GFCFASSET","DWELLING","PC_GFCF","A","2003",15.695651004641,"E"
"COL","GFCFASSET","DWELLING","PC_GFCF","A","2004",15.6956383011609,"E"
"COL","GFCFASSET","DWELLING","PC_GFCF","A","2005",15.6956385279432,
"COL","GFCFASSET","DWELLING","PC_GFCF","A","2006",15.009618312197,
"COL","GFCFASSET","DWELLING","PC_GFCF","A","2007",17.3099438418393,
"COL","GFCFASSET","DWELLING","PC_GFCF","A","2008",15.059893360353,
"COL","GFCFASSET","DWELLING","PC_GFCF","A","2009",18.8780371009454,
"COL","GFCFASSET","DWELLING","PC_GFCF","A","2010",17.0412701319454,
"COL","GFCFASSET","DWELLING","PC_GFCF","A","2011",16.9848076167419,
"COL","GFCFASSET","DWELLING","PC_GFCF","A","2012",19.6460943119796,
"COL","GFCFASSET","DWELLING","PC_GFCF","A","2013",22.3739933248842,
"COL","GFCFASSET","DWELLING","PC_GFCF","A","2014",22.1249580813395,
"COL","GFCFASSET","DWELLING","PC_GFCF","A","2015",22.7565857678301,
"COL","GFCFASSET","DWELLING","PC_GFCF","A","2016",23.8020005022181,
"CRI","GFCFASSET","DWELLING","PC_GFCF","A","1991",9.65309439432398,
"CRI","GFCFASSET","DWELLING","PC_GFCF","A","1992",9.39005724952662,
"CRI","GFCFASSET","DWELLING","PC_GFCF","A","1993",10.0314080898631,
"CRI","GFCFASSET","DWELLING","PC_GFCF","A","1994",11.2686205613356,
"CRI","GFCFASSET","DWELLING","PC_GFCF","A","1995",12.5308233111274,
"CRI","GFCFASSET","DWELLING","PC_GFCF","A","1996",12.2861755207456,
"CRI","GFCFASSET","DWELLING","PC_GFCF","A","1997",11.7773174525295,
"CRI","GFCFASSET","DWELLING","PC_GFCF","A","1998",11.4960184823622,
"CRI","GFCFASSET","DWELLING","PC_GFCF","A","1999",11.8190606707299,
"CRI","GFCFASSET","DWELLING","PC_GFCF","A","2000",12.7049030096708,
"CRI","GFCFASSET","DWELLING","PC_GFCF","A","2001",15.2905535920873,
"CRI","GFCFASSET","DWELLING","PC_GFCF","A","2002",13.9518026523635,
"CRI","GFCFASSET","DWELLING","PC_GFCF","A","2003",13.5891073572623,
"CRI","GFCFASSET","DWELLING","PC_GFCF","A","2004",15.6251099278469,
"CRI","GFCFASSET","DWELLING","PC_GFCF","A","2005",15.2700360307278,
"CRI","GFCFASSET","DWELLING","PC_GFCF","A","2006",16.2647167682541,
"CRI","GFCFASSET","DWELLING","PC_GFCF","A","2007",17.872173453297,
"CRI","GFCFASSET","DWELLING","PC_GFCF","A","2008",18.1365828774053,
"CRI","GFCFASSET","DWELLING","PC_GFCF","A","2009",17.7008343311278,
"CRI","GFCFASSET","DWELLING","PC_GFCF","A","2010",17.3323452757226,
"CRI","GFCFASSET","DWELLING","PC_GFCF","A","2011",17.6380056386072,
"CRI","GFCFASSET","DWELLING","PC_GFCF","A","2012",17.4959556704533,
"CRI","GFCFASSET","DWELLING","PC_GFCF","A","2013",18.0997552201227,
"CRI","GFCFASSET","DWELLING","PC_GFCF","A","2014",20.4861390443382,
"CRI","GFCFASSET","DWELLING","PC_GFCF","A","2015",20.1154486464621,
"CRI","GFCFASSET","DWELLING","PC_GFCF","A","2016",20.5213044182697,
"LTU","GFCFASSET","DWELLING","PC_GFCF","A","1995",11.1523420963939,
"LTU","GFCFASSET","DWELLING","PC_GFCF","A","1996",10.3080841787008,
"LTU","GFCFASSET","DWELLING","PC_GFCF","A","1997",7.73732447610774,
"LTU","GFCFASSET","DWELLING","PC_GFCF","A","1998",6.37940635619735,
"LTU","GFCFASSET","DWELLING","PC_GFCF","A","1999",7.63636061318227,
"LTU","GFCFASSET","DWELLING","PC_GFCF","A","2000",9.17461353198654,
"LTU","GFCFASSET","DWELLING","PC_GFCF","A","2001",7.67761293018257,
"LTU","GFCFASSET","DWELLING","PC_GFCF","A","2002",6.4074107945931,
"LTU","GFCFASSET","DWELLING","PC_GFCF","A","2003",6.50113602787247,
"LTU","GFCFASSET","DWELLING","PC_GFCF","A","2004",10.0272321598662,
"LTU","GFCFASSET","DWELLING","PC_GFCF","A","2005",9.24682111028998,
"LTU","GFCFASSET","DWELLING","PC_GFCF","A","2006",9.75743862132633,
"LTU","GFCFASSET","DWELLING","PC_GFCF","A","2007",9.78934569714183,
"LTU","GFCFASSET","DWELLING","PC_GFCF","A","2008",12.9950995348476,
"LTU","GFCFASSET","DWELLING","PC_GFCF","A","2009",18.2532343966472,
"LTU","GFCFASSET","DWELLING","PC_GFCF","A","2010",12.4431774790787,
"LTU","GFCFASSET","DWELLING","PC_GFCF","A","2011",10.6600443099958,
"LTU","GFCFASSET","DWELLING","PC_GFCF","A","2012",11.2204550642004,
"LTU","GFCFASSET","DWELLING","PC_GFCF","A","2013",11.7263653274255,
"LTU","GFCFASSET","DWELLING","PC_GFCF","A","2014",13.2263294276156,
"LTU","GFCFASSET","DWELLING","PC_GFCF","A","2015",14.3711766060305,
"LTU","GFCFASSET","DWELLING","PC_GFCF","A","2016",15.4647471862308,
